"ch","s"
"天","['thyen L']"
"地","['ti H']"
"霄","['syo L']"
"壤","['zyang L']"
"乾","['ken L']"
"坤","['kwon L']"
"宇","['Gwu R']"
"宙","['tyu R']"
"日","['zil H']"
"月","['Gwel H']"
"星","['syeng L']"
"辰","['sin L']"
"隂","['Gum L']"
"陽","['Gyang L']"
"節","['cyel H']"
"候","['hwu R']"
"春","['chyun L']"
"夏","['ha L']"
"秋","['chyu L']"
"冬","['twong L']"
"晝","['tyu R']"
"夜","['Gya R']"
"寒","['han L']"
"暑","['sye R']"
"晌","['syang H']"
"晩","['man L']"
"昏","['hwon L']"
"暮","['mwo L']"
"早","['cwo R']"
"晨","['sin L']"
"曉","['hyo R']"
"曙","['sye R']"
"朔","['sak H']"
"旬","['syun L']"
"望","['mang R']"
"晦","['hwoy R']"
"宵","['syo L']"
"旦","['tan R']"
"朝","['tyo L']"
"夕","['syek H']"
"歲","['syey R']"
"年","['nyen L']"
"閏","['zyun L']"
"臘","['nap H']"
"時","['si L']"
"晷","['kwu L']"
"漏","['lwu R']"
"刻","['kok H']"
"雷","['lwoy L']"
"電","['tyen R']"
"霹","['pyek H']"
"靂","['lyek H']"
"風","['phwung L']"
"雨","['Gwu R']"
"霜","['sang L']"
"露","['lwo R']"
"雪","['syel H']"
"霰","['syen R']"
"氷","['ping L']"
"雹","['pak H']"
"雲","['Gwun L']"
"霞","['ha L']"
"嵐","['nam L']"
"霧","['mwu R']"
"虹","['hwoG L']"
"霓","['Gyey L']"
"蝃","['thyey H']"
"蝀","['twong R']"
"霖","['lim L']"
"涷","['twong R']"
"澇","['lwo H']"
"旱","['han R']"
"山","['san L']"
"嶽","['Gak H']"
"峯","['pwong L']"
"岫","['syu H']"
"壑","['hak H']"
"谷","['kwok H']"
"崖","['Gay L']"
"岸","['Gan R']"
"巖","['Gam L']"
"嶂","['cyang R']"
"嶺","['lyeng R']"
"峴","['hyen R']"
"崗","['kang L']"
"巓","['tyen L']"
"峒","['twong R']"
"麓","['lwok H']"
"丘","['kwu L']"
"原","['Gwen L']"
"皐","['kwo L']"
"阜","['pwu R']"
"坡","['pha L']"
"阪","['phan H']"
"陵","['lung L']"
"陸","['lyuk H']"
"泥","['ni L']"
"土","['thwo H']"
"墈","['kam R']"
"垤","['til H']"
"郊","['kyo L']"
"甸","['tyen R']"
"坪","['phyeng L']"
"野","['Gya R']"
"礓","['kang L']"
"礫","['luk H']"
"沙","['sa L']"
"磧","['cyek H']"
"礁","['chyo L']"
"石","['syek H']"
"島","['two R']"
"嶼","['sye R']"
"湖","['hwo L']"
"海","['hoy R']"
"淵","['Gyen L']"
"川","['chyen L']"
"溪","['kyey L']"
"澗","['kan R']"
"江","['kang L']"
"河","['ha L']"
"汀","['tyeng L']"
"洲","['cyu L']"
"渚","['cye R']"
"沚","['ci H']"
"濤","['two L']"
"浪","['lang R']"
"瀾","['lan L']"
"波","['pha L']"
"津","['cin L']"
"梁","['lyang L']"
"潮","['tyo L']"
"汐","['syek H']"
"灘","['than L']"
"瀨","['lwoy R']"
"湍","['tan L']"
"渦","['Gwa L']"
"浦","['pwo R']"
"漵","['sye R']"
"港","['hang R']"
"汊","['cha L']"
"井","['cyeng R']"
"泉","['chyen L']"
"沼","['syo L']"
"塘","['tang L']"
"洋","['Gyang L']"
"派","['phay R']"
"濆","['pwun L']"
"涯","['Gay L']"
"潭","['tam L']"
"湫","['chyu L']"
"涔","['com L']"
"瀧","['sang L']"
"沮","['cye L']"
"洳","['zye L']"
"窪","['Gwa L']"
"澤","['thoyk L']"
"洿","['Gwo L']"
"潢","['hwang L']"
"瀦","['tye L']"
"陂","['phi L']"
"潦","['lyo R']"
"𤄏","['hwoG']"
"泡","['phwo L']"
"漚","['kwu L']"
"淀","['tyen R']"
"濼","['pak H']"
"蕩","['thang L']"
"湄","['mi L']"
"路","['lwo R']"
"途","['two L']"
"徑","['kyeng R']"
"蹊","['kyey L']"
"衢","['kwu L']"
"逵","['kyu L']"
"岔","['cha L']"
"歧","['ki L']"
"堤","['tyey L']"
"堰","['Gen R']"
"牐","['cap H']"
"壩","['phay R']"
"衚","['hwo L']"
"衕","['twong R']"
"巷","['hang L']"
"陌","['moyk L']"
"關","['kwan H']"
"隘","['Goyk H']"
"塞","['soy H']"
"徼","['kyo H']"
"境","['kyeng R']"
"界","['kyey R']"
"疆","['kang L']"
"域","['Gyek H']"
"田","['tyen L']"
"園","['Gwen L']"
"塲","['tyang L']"
"圃","['pwo H']"
"苑","['Gwen R']"
"囿","['Gyu R']"
"林","['lim L']"
"藪","['swu H']"
"壟","['lwong R']"
"畈","['phan H']"
"畹","['Gwan R']"
"畛","['tin R']"
"畦","['kyu L']"
"疇","['tyu L']"
"畎","['kyen R']"
"畒","['mwo R']"
"芍","['syak H']"
"藥","['Gyak H']"
"薔","['cyang L']"
"薇","['mi L']"
"葵","['kyu L']"
"梅","['moy L']"
"蹢","['thyek H']"
"躅","['thyok H']"
"蓮","['lyen L']"
"荷","['ha L']"
"芙","['pwu L']"
"蕖","['ke L']"
"槿","['kun R']"
"蕣","['syun R']"
"梔","['ci L']"
"菊","['kwuk H']"
"芝","['ci L']"
"蘭","['lan L']"
"篁","['hwang L']"
"竹","['tyuk H']"
"莞","['kwan L']"
"蓀","['swon L']"
"菖","['chyang L']"
"蒲","['phwo L']"
"薍","['lan R']"
"荻","['tyek H']"
"蒹","['kyem L']"
"萑","['hwan L']"
"菼","['tam R']"
"葭","['ka L']"
"葦","['Gwuy R']"
"蘆","['lwo L']"
"蔦","['Gwo L']"
"蓲","['kwu L']"
"芭","['pha L']"
"蕉","['chyo L']"
"菟","['thwo L']"
"蕬","['so L']"
"瓠","['hwo']"
"𤬛","['lwo L']"
"莓","['moy L']"
"苔","['thoy L']"
"藫","['tam L']"
"蘚","['syen R']"
"葎","['lyul H']"
"葈","['si R']"
"芄","['hwan L']"
"薊","['kyey H']"
"苧","['tye R']"
"麻","['ma L']"
"檾","['kyeng R']"
"葛","['kal H']"
"𦸈","['kwal H']"
"𧁾","['lwu L']"
"薜","['pyek H']"
"荔","['lyey L']"
"茺","['chyung L']"
"蔚","['Gwul H']"
"萑","['chyu L']"
"蓷","['thwoy L']"
"蘩","['pen L']"
"艾","['Gay R']"
"蒿","['hwo L']"
"蓬","['pwong L']"
"菅","['kwan L']"
"茅","['mwo L']"
"荑","['tyey L']"
"𧀰","['tyey L']"
"蒨","['chyen R']"
"萱","['hwen L']"
"藍","['nam L']"
"葒","['hwong L']"
"稂","['lang L']"
"莠","['Gyu R']"
"稊","['tyey L']"
"稗","['phay R']"
"薸","['phyo L']"
"萍","['phyeng L']"
"藻","['cwo R']"
"蘋","['ping L']"
"梧","['Gyo H']"
"桐","['twong L']"
"楊","['Gyang L']"
"柳","['lyu R']"
"檜","['hwoy R']"
"栢","['poyk H']"
"桂","['kyey R']"
"椿","['chyun L']"
"楓","['phwung L']"
"桑","['sang L']"
"檿","['Gyem R']"
"柘","['cya R']"
"檉","['thoyng L']"
"枳","['ki R']"
"荊","['hyeng L']"
"棘","['kuk H']"
"樗","['tye L']"
"㯃","['chil H']"
"枌","['pwun L']"
"榆","['Gyu L']"
"樺","['hwa R']"
"椵","['ka R']"
"槐","['kwoy L']"
"蘗","['pyek H']"
"楮","['tye R']"
"構","['kwu R']"
"榧","['pi R']"
"槵","['hwan R']"
"槲","['kwok L']"
"栩","['Gwu R']"
"柞","['cak H']"
"櫟","['luk H']"
"櫯","['swo L']"
"松","['syong L']"
"籐","['tung L']"
"梣","['com L']"
"㮋","['Gwuk L']"
"樲","['zi R']"
"梓","['coy R']"
"楸","['chyu L']"
"李","['ni R']"
"㮏","['nay R']"
"桃","['two L']"
"楙","['mwu R']"
"梨","['li L']"
"栗","['lyul H']"
"檎","['kum L']"
"榴","['lyu L']"
"榛","['cin L']"
"棗","['cwo R']"
"櫻","['GoyG L']"
"杏","['hoyng R']"
"芧","['sye R']"
"橡","['syang H']"
"栭","['zi L']"
"梂","['kwu L']"
"榠","['myeng L']"
"樝","['cya R']"
"棠","['tang L']"
"棣","['thyey R']"
"柑","['kam L']"
"柚","['Gyu R']"
"橘","['kyul H']"
"橙","['tung L']"
"椒","['chyo L']"
"㮕","['zyen R']"
"梬","['ping R']"
"杮","['si R']"
"芡","['kam R']"
"䓈","['Gyek H']"
"芰","['ki R']"
"菱","['lung L']"
"葡","['phwo L']"
"萄","['two L']"
"㰋","['pin L']"
"𪳪","['pha L']"
"苺","['moy L']"
"葚","['sim R']"
"枏","['zyem L']"
"菂","['tyek L']"
"麳","['loy L']"
"麰","['mwo L']"
"蕎","['kyo L']"
"麥","['moyk H']"
"𪎭","['mi L']"
"穄","['cyey R']"
"黍","['sye R']"
"稷","['cik H']"
"粳","['kyeng L']"
"糯","['na R']"
"秈","['syen L']"
"秫","['thyul H']"
"稻","['two H']"
"梁","['lyang L']"
"𪐄","['phay R']"
"粟","['swok H']"
"薏","['Guy R']"
"苡","['Gi R']"
"荏","['zim R']"
"𧰏","['pyen L']"
"豌","['Gwan L']"
"豇","['kang L']"
"荳","['twu H']"
"菽","['syuk H']"
"茄","['ka L']"
"苽","['kwa L']"
"葱","['chwong L']"
"蒜","['swen H']"
"韮","['kwu R']"
"薤","['hyey R']"
"蕺","['cup H']"
"荀","['syun R']"
"蔘","['som L']"
"𦬸","['thyul L']"
"藜","['lyey L']"
"莧","['hyen R']"
"䓴","['zyen R']"
"栮","['zi R']"
"蕈","['sim R']"
"菌","['kyun L']"
"䓀","['kil H']"
"莄","['kyeng L']"
"芫","['Gwen L']"
"荽","['syu L']"
"匏","['phwo L']"
"蓼","['lyo R']"
"茴","['hwoy L']"
"芹","['kun L']"
"蘿","['la L']"
"蔔","['pwok H']"
"蔓","['man L']"
"菁","['chyeng L']"
"菘","['syong L']"
"薺","['cyey R']"
"芌","['Gwu R']"
"蓴","['ssyun L']"
"苜","['mwok H']"
"蓿","['syuk H']"
"薯","['sye L']"
"蕷","['Gye R']"
"芥","['kay R']"
"薑","['skaG L']"
"蘑","['ma L']"
"菇","['kwo L']"
"蘘","['Gyang L']"
"蒡","['pang L']"
"萵","['Gwa L']"
"苣","['ke R']"
"蕨","['kwel H']"
"虌","['pyel H']"
"藕","['Gwu R']"
"蘇","['swo L']"
"菠","['pha L']"
"䔖","['lung L']"
"莙","['kwun L']"
"薘","['tal H']"
"𦼫","['ke R']"
"蕒","['moy L']"
"𫉖","['pol H']"
"𫊖","['cyey L']"
"蔢","['pha R']"
"𦽅","['ha R']"
"芣","['pwu L']"
"苢","['Gi R']"
"蔞","['lwu L']"
"葵","['kyu L']"
"葇","['zyu L']"
"萞","['pi L']"
"鳳","['pwong H']"
"凰","['hwang L']"
"鸞","['lan L']"
"鶴","['hak H']"
"鴻","['hwong L']"
"鴈","['Gan R']"
"𦉓","['pwu R']"
"鵠","['kwok H']"
"𪀚","['syong L']"
"鶻","['kwol H']"
"鷹","['Gung H']"
"隼","['cyun R']"
"鵂","['hyu L']"
"鶹","['lyu L']"
"鴞","['hyo L']"
"鵩","['pwok H']"
"鵰","['tyo L']"
"鷲","['chyu R']"
"鸛","['kwan H']"
"𮭁","['mwok H']"
"𪅖","['cwang L']"
"鷸","['hyul H']"
"鵚","['twok H']"
"鶖","['chyu L']"
"𪄉","['Gwong L']"
"𪆂","['ke L']"
"鶺","['chyek H']"
"鴒","['lyeng L']"
"鵓","['pol L']"
"鴿","['hap H']"
"鴷","['lyel H']"
"鳩","['kwu H']"
"鷂","['Gyo R']"
"鸇","['cyen L']"
"鷐","['sin L']"
"𩘲","['phwung L']"
"𩘲","['co L']"
"䳓","['lwo R']"
"鵜","['tyey L']"
"鶘","['hwo L']"
"鷄","['kyey L']"
"雉","['thi R']"
"鵝","['Ga L']"
"鴨","['Gap H']"
"鴡","['cye L']"
"鷗","['kwu L']"
"䧾","['sye L']"
"鳧","['pwu L']"
"鷦","['chyo H']"
"鷯","['lyo L']"
"鶬","['chang L']"
"鶊","['kyeng L']"
"烏","['Gwo L']"
"鴉","['Ga L']"
"鸒","['Gye L']"
"𪆁","['so L']"
"隹","['chyo L']"
"雀","['cyak H']"
"梟","['hyo L']"
"鷁","['Goyk H']"
"鷰","['Gyen R']"
"鳦","['Gul H']"
"鸎","['GoyG L']"
"鸝","['lyey L']"
"鳲","['si L']"
"𪀗","['kwey R']"
"鴶","['Gal H']"
"鵴","['kwuk H']"
"䳺","['Gam L']"
"鶉","['syun L']"
"鳶","['Gyen L']"
"鴟","['chi L']"
"鵲","['cyak H']"
"鷽","['hok H']"
"鳺","['kyu L']"
"鵑","['kyen L']"
"鸂","['kyey L']"
"𪅙","['thik H']"
"鷺","['lwo R']"
"鷥","['so L']"
"翡","['pi R']"
"翠","['chyuy R']"
"鸚","['GoyG L']"
"鵡","['mwu R']"
"䲶","['Gwen L']"
"鴦","['Gang L']"
"鸕","['lwo L']"
"鷀","['co L']"
"麒","['kuy L']"
"麟","['lin L']"
"虎","['hwo R']"
"豹","['phyo L']"
"象","['syang H']"
"獅","['so L']"
"狻","['san L']"
"猊","['Gyey L']"
"獐","['cyang L']"
"麕","['kyun L']"
"麅","['phwo L']"
"麝","['sya R']"
"麋","['mi L']"
"鹿","['lwok H']"
"麀","['Gwu L']"
"麛","['mi L']"
"𧲣","['suy L']"
"狼","['lang L']"
"獱","['pin L']"
"獺","['tal H']"
"獼","['mi L']"
"猴","['hwu L']"
"猢","['hwo L']"
"猻","['swon L']"
"犀","['sye L']"
"貂","['thyo L']"
"豨","['huy L']"
"貓","['myo L']"
"駒","['kwu L']"
"犢","['twok H']"
"猩","['syeng L']"
"猿","['Gwen L']"
"𦍩","['kwo R']"
"䍽","['lyek H']"
"羊","['Gyang L']"
"羔","['kwo L']"
"猪","['tyey L']"
"豕","['si R']"
"彘","['thyey H']"
"豚","['twon L']"
"貉","['hak H']"
"貆","['hwen L']"
"狐","['hwo L']"
"狸","['li L']"
"熊","['Gwung L']"
"羆","['pi L']"
"驝","['thik H']"
"駝","['tha L']"
"狗","['kwu H']"
"獒","['Gwo L']"
"犬","['kyen R']"
"厖","['pang L']"
"馬","['ma H']"
"牛","['Gwu L']"
"驢","['lye L']"
"騾","['lwo L']"
"猯","['tan L']"
"獾","['hwan L']"
"兎","['thwo H']"
"蝟","['Gwuy R']"
"鼢","['pwun L']"
"鼠","['sye R']"
"鼯","['Gwo L']"
"鼪","['soyng L']"
"龍","['lyong L']"
"龜","['kwuy L']"
"黿","['Gwen L']"
"鼈","['pyel L']"
"螃","['pang L']"
"蠏","['hoy L']"
"蠣","['lye R']"
"蟶","['tyeng L']"
"鰕","['ha L']"
"𧵅","['pha R']"
"蚌","['pang R']"
"鰒","['pak H']"
"蛤","['hap H']"
"蜊","['li L']"
"蜃","['syun R']"
"𧖙","['hyen R']"
"鯨","['kyeng L']"
"鯢","['Gyey L']"
"鰱","['lyen L']"
"魴","['pang L']"
"鰻","['man L']"
"鱺","['li L']"
"鰍","['chyu L']"
"鱔","['syen R']"
"鮒","['pwu R']"
"鯽","['cuk H']"
"鱖","['kwel H']"
"鰳","['luk H']"
"鯔","['chuy L']"
"鰷","['tyo L']"
"鯖","['chyeng L']"
"鱧","['lyey H']"
"魺","['ha L']"
"魨","['twon L']"
"鮎","['nyem L']"
"鰋","['Gen R']"
"鯊","['sa L']"
"鱸","['lwo']"
"鯼","['cwong L']"
"鯉","['li R']"
"蜘","['ti L']"
"蛛","['tyu L']"
"蚇","['chyek H']"
"蠖","['hwak H']"
"蛉","['lyeng L']"
"蛚","['lyel H']"
"蜻","['chyeng L']"
"蜓","['tyeng L']"
"蠨","['syo L']"
"蛸","['syo L']"
"蟢","['huy H']"
"螯","['Gwo L']"
"蛺","['hyep H']"
"蝶","['tyep H']"
"蛾","['Ga L']"
"螢","['hyeng L']"
"蚯","['kwu L']"
"蚓","['Gin H']"
"蛐","['kwok H']"
"蟮","['syen H']"
"蠐","['cyey L']"
"螬","['cwo L']"
"蝸","['kwa L']"
"蠅","['sung L']"
"蛇","['sya L']"
"蟒","['mang H']"
"虺","['hwey R']"
"蝮","['pwok H']"
"蠆","['thay H']"
"蠍","['hel H']"
"蚊","['mwun L']"
"䖟","['moyng L']"
"𧑓","['sye R']"
"蝜","['pwu H']"
"蛜","['Gi L']"
"蝛","['Gwuy L']"
"蠷","['kwu L']"
"螋","['swu L']"
"蜣","['kang L']"
"蜋","['lyang L']"
"蟼","['kyeng L']"
"黽","['myeng R']"
"蛙","['Gwa L']"
"蟈","['kwuk H']"
"蜩","['tyo L']"
"蟬","['syen L']"
"螓","['cin L']"
"螗","['tang L']"
"蚰","['Gyu L']"
"蜒","['Gyen L']"
"蚕","['com L']"
"蛹","['Gyong R']"
"蝙","['phyen L']"
"蝠","['pwok H']"
"螳","['tang L']"
"螂","['lang L']"
"螻","['lwu L']"
"蛄","['kwo L']"
"蟫","['tam L']"
"螕","['pi L']"
"蜈","['Gwo L']"
"蚣","['kwong L']"
"蛭","['til H']"
"蟥","['hwang L']"
"蜤","['syek H']"
"蜴","['thyek H']"
"蠑","['Gyeng L']"
"蚖","['Gwen L']"
"螞","['ma R']"
"蚱","['ca R']"
"蝗","['hwang L']"
"螽","['cyong L']"
"螺","['la L']"
"螄","['so L']"
"螌","['pan L']"
"蝥","['mwo L']"
"蟋","['sil H']"
"蟀","['swol L']"
"蟻","['Guy R']"
"蛬","['kwong L']"
"虼","['kel H']"
"蚤","['cwo R']"
"蟣","['kuy R']"
"蝨","['sul H']"
"蜉","['pwu L']"
"蝣","['Gyu L']"
"蠛","['myel H']"
"蠓","['mwong L']"
"蛆","['cye L']"
"蜂","['pwong L']"
"蛀","['cyu H']"
"蠹","['twu H']"
"蚮","['toy R']"
"蝐","['mwo L']"
"蠮","['Gyey L']"
"螉","['Gwong L']"
"蝦","['ha L']"
"蟆","['ma L']"
"蟾","['syem L']"
"蜍","['Gye L']"
"蝌","['kwa L']"
"蚪","['twu H']"
"蛞","['hwal H']"
"𧓕","['twong L']"
"身","['sin L']"
"貌","['mwo R']"
"肢","['ci L']"
"體","['thyey H']"
"顔","['Gan L']"
"面","['myen R']"
"形","['hyeng L']"
"容","['Gyong L']"
"頭","['twu L']"
"首","['syu H']"
"頂","['tyeng R']"
"䪿","['sin R']"
"額","['Goyk H']"
"顱","['lwo L']"
"顁","['tyeng R']"
"䫙","['sang R']"
"顋","['suy L']"
"頰","['hyep H']"
"顴","['kwan R']"
"臉","['lyem R']"
"𩓐","['pol H']"
"頸","['kyeng R']"
"脰","['twu H']"
"項","['hang R']"
"眼","['Gan R']"
"目","['mwok H']"
"睛","['chyeng L']"
"瞳","['twong L']"
"眸","['mwo L']"
"瞼","['kem R']"
"眉","['mi L']"
"睫","['chyep H']"
"鬢","['ping R']"
"頤","['Gi L']"
"頷","['ham L']"
"頦","['hoy L']"
"胳","['kak H']"
"腋","['Goyk H']"
"肋","['luk H']"
"脇","['hep H']"
"肩","['kyen L']"
"臑","['nyo R']"
"腢","['Gwu R']"
"胛","['kap H']"
"拳","['kwen L']"
"腡","['kwa']"
"肐","['kel H']"
"膊","['pak H']"
"口","['kwu H']"
"舌","['syel H']"
"脣","['syun L']"
"吻","['mun R']"
"牙","['Ga L']"
"齒","['chi R']"
"齗","['Gun L']"
"腭","['Gak H']"
"肱","['kwoyng L']"
"臂","['pi R']"
"手","['syu H']"
"掌","['cyang L']"
"指","['ci H']"
"爪","['cwo R']"
"肘","['tyu R']"
"腕","['Gwan R']"
"腓","['pi L']"
"踦","['kuy L']"
"腨","['chyen R']"
"臁","['lyem L']"
"脛","['hyeng R']"
"胻","['hoyng R']"
"骹","['kyo L']"
"骭","['han R']"
"喉","['hwu L']"
"嚨","['lwong L']"
"咽","['Gyen L']"
"嗓","['sang R']"
"耳","['zi R']"
"𦖋","['tha L']"
"鼻","['pi R']"
"凖","['cyun R']"
"心","['sim L']"
"肝","['kan L']"
"脾","['pi L']"
"肺","['phyey R']"
"膓","['tyang L']"
"胃","['Gwuy H']"
"膽","['tam R']"
"腎","['sin R']"
"胷","['hyung L']"
"膛","['tang L']"
"膺","['Gung L']"
"臆","['Gek H']"
"軀","['kwu L']"
"膈","['kyek H']"
"嬭","['nay R']"
"乳","['zyu R']"
"毗","['pi L']"
"胦","['Gang L']"
"脖","['pol H']"
"臍","['cyey L']"
"背","['poy R']"
"脊","['chyek R']"
"腰","['Gyo L']"
"膂","['lye R']"
"腿","['thwoy R']"
"胯","['kwa R']"
"𩩙","['pi R']"
"股","['kwo R']"
"尻","['kwo L']"
"脽","['syu L']"
"臀","['twun L']"
"肛","['hang L']"
"膝","['sul H']"
"膕","['kwuk H']"
"𦚼","['kwok H']"
"䐐","['chyu L']"
"尿","['nyo R']"
"脬","['phwo L']"
"膀","['pang L']"
"胱","['kwang L']"
"髮","['pal H']"
"鬚","['syu L']"
"髭","['co L']"
"髯","['zyem L']"
"肚","['twu H']"
"腹","['pwok L']"
"腔","['kang L']"
"𦚞","['kwang L']"
"呼","['hwo L']"
"吸","['hup H']"
"脉","['moyk H']"
"息","['sik H']"
"肌","['kuy L']"
"膚","['pwu L']"
"腠","['cwu R']"
"膜","['mak H']"
"髑","['twok H']"
"髏","['lwu L']"
"腦","['nwo R']"
"髓","['syu R']"
"骸","['hoy L']"
"骨","['kwol H']"
"骴","['co L']"
"骼","['kak H']"
"跟","['kun L']"
"踵","['cyong H']"
"跗","['pwu L']"
"踝","['kwa R']"
"拇","['mwo R']"
"趾","['ci L']"
"足","['cyok H']"
"脚","['kak H']"
"躬","['kwung L']"
"影","['Gyeng R']"
"音","['Gum L']"
"聲","['syeng L']"
"性","['syeng R']"
"情","['cyeng L']"
"志","['ci H']"
"意","['Guy R']"
"哭","['kwok H']"
"泣","['Gup H']"
"笑","['syo H']"
"哂","['sin R']"
"噦","['Gel H']"
"噫","['Gay R']"
"噴","['pwun H']"
"嚏","['thyey H']"
"鬍","['hwo L']"
"秃","['twok H']"
"肨","['phang H']"
"臞","['kwu L']"
"𥆖","['twu H']"
"眵","['chi L']"
"齈","['nwong L']"
"涕","['thyey H']"
"沫","['mal H']"
"淚","['lyu H']"
"涶","['tha H']"
"涎","['Gyen L']"
"膿","['nwong L']"
"血","['hyel H']"
"液","['Goyk H']"
"汗","['han H']"
"齙","['phwo L']"
"瞎","['hal H']"
"矬","['cwa L']"
"矮","['Gay R']"
"齇","['cha L']"
"皰","['phwo L']"
"齆","['Gwong R']"
"鼾","['han R']"
"溲","['swu L']"
"便","['phyen L']"
"𡱁","['si H']"
"糞","['pwun H']"
"屄","['pi R']"
"𡲰","['cyu H']"
"屁","['phi L']"
"䊧","['pi H']"
"眠","['myen L']"
"睡","['syu H']"
"夢","['mwong R']"
"覺","['kyo R']"
"欠","['hum R']"
"伸","['sin']"
"寤","['Gwo H']"
"寐","['moy H']"
"祖","['cwo H']"
"父","['pwu H']"
"爹","['ta L']"
"爺","['Gya L']"
"媽","['ma R']"
"婆","['pha L']"
"考","['kwo H']"
"妣","['pi R']"
"母","['mwo R']"
"孃","['nyang L']"
"妻","['chye L']"
"妾","['chyep H']"
"妯","['thyuk H']"
"娌","['li R']"
"娣","['tyey H']"
"姒","['so R']"
"男","['nam L']"
"女","['nye H']"
"夫","['pwu L']"
"婦","['pwu H']"
"嫡","['tyek H']"
"蘖","['Gel H']"
"眷","['kwen R']"
"族","['cwok H']"
"妗","['kum R']"
"嫂","['swu R']"
"嬸","['sim R']"
"娘","['nyang L']"
"舅","['kwu R']"
"姑","['kwo L']"
"伯","['poyk H']"
"叔","['syuk H']"
"兄","['hyeng L']"
"哥","['ka L']"
"昆","['kwon L']"
"弟","['tyey R']"
"姨","['Gi L']"
"姐","['cye R']"
"姉","['co R']"
"妹","['moy R']"
"兒","['zo L']"
"童","['twong L']"
"囝","['kyen R']"
"子","['co H']"
"姪","['til H']"
"孫","['swon L']"
"甥","['soyng L']"
"壻","['sye H']"
"孾","['Gyeng L']"
"孩","['hoy L']"
"齠","['thyo L']"
"齔","['chin R']"
"幼","['Gyu R']"
"冲","['thyung L']"
"孺","['zyu R']"
"稚","['thi R']"
"姓","['syeng R']"
"氏","['si H']"
"名","['myeng L']"
"號","['hwo R']"
"親","['chin L']"
"戚","['chyek H']"
"宗","['cwong L']"
"系","['kyey R']"
"奴","['nwo L']"
"婢","['pi R']"
"僮","['twong L']"
"僕","['pwok H']"
"姆","['mwo R']"
"嫗","['kwu R']"
"姥","['mwo R']"
"媼","['Gwo']"
"鰥","['hwan L']"
"寡","['kwa H']"
"嫠","['li L']"
"孀","['sang L']"
"翁","['Gwong L']"
"叟","['swu R']"
"耆","['ki L']"
"老","['lwo R']"
"婚","['hwon L']"
"姻","['Gin L']"
"嫁","['ka R']"
"娶","['chyuy L']"
"精","['cyeng L']"
"氣","['skuy H']"
"孕","['Ging R']"
"毓","['Gyuk H']"
"姙","['zim R']"
"娠","['sin L']"
"娩","['myen H']"
"産","['san R']"
"㝈","['swan H']"
"殼","['nyu R']"
"鞠","['kwuk H']"
"育","['Gyuk L']"
"庠","['syang L']"
"序","['sye R']"
"校","['kyo R']"
"塾","['syuk H']"
"師","['so L']"
"傅","['pwu H']"
"生","['soyng L']"
"徒","['two L']"
"詩","['si L']"
"書","['sye L']"
"易","['Gek H']"
"禮","['lyey H']"
"科","['kwa L']"
"第","['tyey R']"
"儁","['cyun R']"
"儒","['zyu L']"
"章","['cyang L']"
"句","['kwu R']"
"文","['mwun L']"
"字","['co H']"
"典","['tyen R']"
"籍","['cyek H']"
"經","['kyeng L']"
"史","['so R']"
"冊","['choyk H']"
"篇","['phyen L']"
"卷","['kwen R']"
"帙","['til H']"
"筆","['phil H']"
"墨","['muk H']"
"硯","['Gyen H']"
"紙","['ci H']"
"表","['phyo H']"
"箋","['cyen L']"
"命","['myeng R']"
"諭","['Gyu R']"
"詔","['cyo R']"
"勅","['thik H']"
"誥","['kwo R']"
"㫖","['ci H']"
"榜","['pang R']"
"令","['lyeG H']"
"法","['pep H']"
"例","['lyey R']"
"符","['pwu L']"
"契","['kyey R']"
"印","['Gin H']"
"璽","['so R']"
"簡","['kan R']"
"帖","['thyep H']"
"案","['Gan R']"
"牘","['twok H']"
"疏","['swo H']"
"箚","['cap L']"
"奏","['cwu R']"
"啓","['kyey R']"
"狀","['cang R']"
"呈","['tyeng L']"
"牌","['phay L']"
"引","['Gin H']"
"簿","['pwu H']"
"牒","['thep H']"
"槀","['kwo R']"
"批","['phi R']"
"皇","['hwang L']"
"帝","['tyey R']"
"君","['skwun L']"
"主","['cyu H']"
"后","['hwu R']"
"妃","['pi L']"
"嬪","['ping L']"
"嬙","['cyang L']"
"儲","['tye L']"
"副","['pwu R']"
"世","['syey R']"
"代","['toy R']"
"邦","['pang L']"
"國","['kwuk H']"
"辟","['pyek H']"
"王","['Gwang L']"
"公","['kwong L']"
"侯","['hwu L']"
"宰","['coy H']"
"相","['syang H']"
"將","['cyang R']"
"帥","['syu H']"
"駙","['pwu R']"
"卿","['kyeng L']"
"臣","['sin L']"
"僚","['lyo L']"
"貟","['Gwen L']"
"吏","['li R']"
"士","['so R']"
"隷","['Gyey R']"
"民","['min L']"
"氓","['moyG L']"
"閹","['Gem R']"
"宦","['hwan R']"
"閽","['hwon L']"
"䦙","['si R']"
"卒","['cwol H']"
"伍","['Gwo R']"
"軍","['kwun L']"
"丁","['tyeng L']"
"泅","['syu L']"
"㴹","['mi L']"
"㳺","['Gyu L']"
"泳","['Gyeng R']"
"傭","['Gyong L']"
"雇","['kwo R']"
"匠","['cyang H']"
"役","['Gyek H']"
"漁","['Ge L']"
"獵","['lyep H']"
"樵","['chyo L']"
"牧","['mwok H']"
"染","['zyem R']"
"𦘕","['hwa R']"
"筭","['san H']"
"曆","['lyek H']"
"神","['sin L']"
"佛","['pwul H']"
"鬼","['kwuy R']"
"魔","['ma L']"
"仙","['syen L']"
"道","['two R']"
"尼","['ni L']"
"僧","['sung L']"
"賔","['ping L']"
"客","['koyk H']"
"覊","['kuy L']"
"旅","['lye R']"
"伴","['pan R']"
"侶","['lye R']"
"友","['Gwu R']"
"朋","['pung H']"
"娼","['chyang L']"
"妓","['ki H']"
"䘕","['hang L']"
"衏","['Gwen R']"
"傀","['kwoy R']"
"儡","['lwoy R']"
"優","['Gwu L']"
"伶","['lyeng L']"
"醫","['Guy L']"
"卜","['pwok H']"
"呪","['chyuk H']"
"儈","['hwoy R']"
"商","['syang L']"
"賈","['kwo R']"
"農","['nwong L']"
"工","['kwong L']"
"巫","['mwu L']"
"覡","['hyek H']"
"媒","['moy L']"
"妁","['cyak H']"
"瞽","['kwo H']"
"瞍","['swu R']"
"盲","['moyng L']"
"矇","['mwong L']"
"東","['twong L']"
"夷","['Gi L']"
"西","['sye L']"
"戎","['zyuG L']"
"南","['nam L']"
"蠻","['man L']"
"北","['puk H']"
"狄","['tyek H']"
"倭","['Gwa L']"
"韃","['tal H']"
"羗","['kang L']"
"虜","['lwo H']"
"刦","['kep H']"
"盜","['two R']"
"寇","['kwu R']"
"賊","['cek H']"
"宮","['kwung L']"
"闕","['kwel H']"
"宸","['sin L']"
"殿","['tyen R']"
"屋","['Gwok H']"
"宅","['thoyk H']"
"家","['ka L']"
"房","['pang L']"
"廳","['thyeng L']"
"廨","['hoy R']"
"廬","['lye L']"
"舍","['sya R']"
"閨","['kyu L']"
"閤","['hap H']"
"室","['sil H']"
"堂","['tang L']"
"樓","['lwu L']"
"閣","['kak H']"
"亭","['tyeng L']"
"臺","['toy L']"
"闈","['Gwuy L']"
"闥","['tal H']"
"廡","['mwu L']"
"廊","['lang L']"
"厦","['ha R']"
"寢","['chim R']"
"埇","['Gyong R']"
"𨹸","['cyo R']"
"𢋿","['coy L']"
"院","['Gwen R']"
"廠","['chyang R']"
"棚","['pung L']"
"軒","['hen L']"
"檻","['ham R']"
"欄","['lan L']"
"楯","['syun R']"
"戶","['hwo R']"
"牖","['Gyu R']"
"䆫","['chang L']"
"欞","['lyeng L']"
"壁","['pyek H']"
"墉","['Gyong L']"
"垣","['Gwen L']"
"墻","['cyang L']"
"桁","['hoyng L']"
"檁","['lum R']"
"簷","['chyem L']"
"甍","['moyng L']"
"溝","['kwu L']"
"渠","['ke']"
"瀆","['twok L']"
"𤅋","['twu H']"
"厠","['chi H']"
"㢏","['thwu L']"
"圂","['hwon R']"
"圊","['chyeng L']"
"牔","['pak H']"
"櫳","['lwong L']"
"梐","['phyey R']"
"枑","['hwo R']"
"陛","['phyey R']"
"墀","['ti L']"
"階","['kyey L']"
"庭","['tyeng L']"
"棟","['twong R']"
"樑","['lyang L']"
"楹","['Gyeng L']"
"柱","['tyu R']"
"梲","['cyel H']"
"椽","['Gyen L']"
"桷","['kak H']"
"榱","['chwoy L']"
"礎","['chwo H']"
"磉","['sang L']"
"礩","['cil H']"
"磶","['syek H']"
"藩","['pen L']"
"柵","['choyk L']"
"笆","['pha L']"
"籬","['li L']"
"門","['mwun L']"
"扉","['pi L']"
"椳","['Gwoy L']"
"樞","['chyu L']"
"扃","['kyeng L']"
"𣟴","['swan L']"
"扊","['Gyem L']"
"扅","['Gi L']"
"𨴑","['kwang L']"
"闑","['Gel H']"
"閫","['kwon R']"
"閾","['Gyek H']"
"橋","['kyo L']"
"梯","['tyey L']"
"矼","['kang L']"
"徛","['kuy L']"
"朝","['tyo L']"
"廷","['tyeng L']"
"京","['kyeng L']"
"都","['two L']"
"邊","['pyen L']"
"鄙","['pi R']"
"寰","['hwan L']"
"畿","['kuy L']"
"部","['pwu H']"
"署","['sye R']"
"曹","['cwo L']"
"局","['kwuk H']"
"官","['kwan L']"
"府","['pwu H']"
"衙","['Ga L']"
"司","['so L']"
"州","['cyu H']"
"郡","['kwun R']"
"縣","['hyen R']"
"邑","['Gup H']"
"衛","['Gwuy H']"
"所","['swo H']"
"營","['Gyeng L']"
"廂","['syang L']"
"邸","['tyey R']"
"店","['tyem H']"
"埠","['pwu R']"
"集","['cip H']"
"街","['kay L']"
"市","['si R']"
"廛","['tyen L']"
"行","['hang L']"
"屯","['twun L']"
"堡","['pwo L']"
"壕","['hwo L']"
"池","['ti L']"
"郛","['pwu L']"
"郭","['kwak H']"
"城","['syeng L']"
"隍","['hwang L']"
"閭","['lye L']"
"閻","['Gyem L']"
"鄰","['lin L']"
"里","['li R']"
"寨","['chay H']"
"墅","['sye R']"
"村","['chwon L']"
"鄕","['hyang L']"
"墩","['twon L']"
"堠","['hwu R']"
"烽","['pwong L']"
"燧","['syu H']"
"舘","['kwan H']"
"驛","['Gyek H']"
"站","['cham']"
"鋪","['phwu H']"
"倉","['chang L']"
"厫","['Gwo L']"
"囤","['twon R']"
"篅","['chyen L']"
"囷","['kyun R']"
"廪","['lum R']"
"帑","['thang R']"
"庫","['kwo L']"
"牢","['lwoy L']"
"獄","['Gwok H']"
"囹","['lyeng L']"
"圄","['Ge R']"
"窨","['Gum L']"
"窩","['Gwa L']"
"穽","['cyeng R']"
"窖","['kyo R']"
"陶","['two L']"
"窰","['Gyo L']"
"囱","['chwong L']"
"堗","['twol R']"
"庖","['phwo L']"
"廚","['tyu L']"
"炕","['kang R']"
"竈","['cwo H']"
"庵","['Gam L']"
"觀","['kwan H']"
"寺","['so R']"
"刹","['chal H']"
"祠","['so L']"
"廟","['myo R']"
"壇","['tan L']"
"壝","['Gyu R']"
"鼎","['tyeng R']"
"鑊","['hwak H']"
"鼐","['nay R']"
"鼒","['co L']"
"釜","['pwu R']"
"鍋","['kwa L']"
"鬵","['sim L']"
"錡","['kuy H']"
"樻","['kwey R']"
"櫝","['twok H']"
"庋","['ki R']"
"机","['kwey R']"
"牀","['sang L']"
"榻","['thap H']"
"凳","['tung R']"
"椅","['Guy R']"
"卓","['thak H']"
"盤","['span L']"
"榼","['hap H']"
"鏊","['Gwo R']"
"簁","['suy L']"
"籮","['la L']"
"甑","['cung R']"
"箅","['pi R']"
"盌","['Gwen R']"
"楪","['tyep H']"
"簞","['tan L']"
"箕","['kuy L']"
"匕","['pi R']"
"匙","['si L']"
"筴","['hyep H']"
"筯","['tye R']"
"砑","['Ga R']"
"碾","['nyen R']"
"磨","['ma R']"
"磑","['Guy R']"
"碓","['toy L']"
"臼","['kwu H']"
"砧","['thim L']"
"杵","['cye R']"
"筵","['Gyen L']"
"席","['syek H']"
"茵","['Gin L']"
"薦","['chyen R']"
"兀","['Gwol L']"
"簟","['tyem R']"
"枕","['chim R']"
"褥","['zyok H']"
"秤","['ching R']"
"衡","['hyeng L']"
"錘","['thyu H']"
"權","['kwen L']"
"升","['sung L']"
"斗","['twu H']"
"槩","['kay R']"
"斛","['kwok H']"
"糨","['kang H']"
"糊","['hwo L']"
"膠","['kyo L']"
"蠟","['lap H']"
"𣑿","['pwu L']"
"柲","['phil L']"
"柄","['pyeng R']"
"𣠽","['pha L']"
"樽","['cwun L']"
"罍","['lwoy L']"
"鐺","['thoyng']"
"銚","['tyo R']"
"壷","['hwo L']"
"甁","['pyeng L']"
"勺","['cyak H']"
"斚","['ka R']"
"壜","['tam L']"
"罐","['kwan R']"
"盆","['pwun L']"
"盎","['Gang R']"
"篘","['chwu L']"
"帘","['lyem L']"
"槽","['cwo L']"
"榨","['ca R']"
"巵","['chi L']"
"匜","['Gi L']"
"甌","['kwu L']"
"盞","['can H']"
"甖","['Gyeng L']"
"缸","['hang L']"
"瓮","['Gwong R']"
"𤭛","['kang L']"
"杯","['poy L']"
"鍾","['cyong L']"
"觥","['kwoyng L']"
"觴","['syang L']"
"籃","['lam L']"
"簍","['lwu L']"
"筥","['key R']"
"筐","['kwang L']"
"笊","['cwo R']"
"籬","['li L']"
"𥬯","['kwo R']"
"䇭","['lwo H']"
"篋","['hyep H']"
"笥","['so R']"
"籠","['lwong R']"
"箱","['syang L']"
"傘","['san R']"
"蓋","['kay R']"
"屏","['pyeng L']"
"扆","['Guy L']"
"袋","['toy R']"
"帍","['hwo R']"
"囊","['nang L']"
"橐","['thak H']"
"帳","['tyang R']"
"㡡","['tyu L']"
"幃","['Gwuy L']"
"幔","['man R']"
"帷","['Gyu L']"
"幌","['hwang R']"
"幄","['Gak H']"
"幕","['mak H']"
"𥮕","['hang R']"
"架","['ka R']"
"楎","['hwuy L']"
"椸","['Gi L']"
"幢","['tang H']"
"旛","['pen L']"
"簾","['lyem L']"
"箔","['pak H']"
"鏡","['kyeng R']"
"鑑","['kam L']"
"奩","['lyem L']"
"匣","['kap H']"
"鑽","['chan L']"
"鑷","['nyep H']"
"錐","['chyo L']"
"觿","['hyu L']"
"鍼","['chim L']"
"熨","['Gwul H']"
"剪","['cyen L']"
"尺","['chyek H']"
"刷","['swa R']"
"櫛","['cul H']"
"梳","['swo L']"
"篦","['pi L']"
"繩","['sung L']"
"索","['sak H']"
"紘","['kwoyng L']"
"綱","['kang L']"
"板","['phan H']"
"漆","['chil H']"
"礬","['pen L']"
"黐","['chi L']"
"桎","['til H']"
"梏","['kwok H']"
"枷","['ka L']"
"杻","['lyu R']"
"釱","['thay R']"
"鋜","['chak H']"
"鐐","['lyo R']"
"笞","['thoy L']"
"燈","['tung L']"
"燭","['chyok H']"
"檠","['kyeng L']"
"篝","['kwu L']"
"煤","['moy L']"
"炭","['than R']"
"炬","['ke R']"
"爐","['lwo L']"
"蓑","['sa L']"
"笠","['lip H']"
"篊","['hwong L']"
"筧","['hyen R']"
"桔","['kil H']"
"橰","['kwo L']"
"轆","['lwok L']"
"轤","['lwo L']"
"椹","['sim L']"
"櫍","['cil H']"
"扇","['syen R']"
"箑","['sap']"
"鈹","['phi L']"
"鉤","['kwu L']"
"䥷","['chal H']"
"鑹","['chan R']"
"鎌","['lyem L']"
"釤","['sam L']"
"鍥","['kyel H']"
"銍","['til R']"
"鑢","['lye R']"
"鐋","['thang Rs']"
"銼","['cha L']"
"鏟","['san R']"
"鉗","['kyem L']"
"鎚","['thwoy L']"
"坩","['kam L']"
"堝","['kwa L']"
"鎖","['swa R']"
"鍉","['si L']"
"鍵","['ken R']"
"鑰","['Gyak H']"
"鉋","['phwo L']"
"䈜","['chim L']"
"杇","['Gwo L']"
"鏝","['man L']"
"錛","['pwun L']"
"鋸","['ke R']"
"斧","['pwu R']"
"鑿","['chak H']"
"鋤","['se L']"
"钁","['hwak H']"
"鎡","['co L']"
"錤","['kuy L']"
"鐃","['Gyo L']"
"鈸","['pal H']"
"鈴","['lyeng L']"
"鐸","['thak H']"
"網","['mang H']"
"罟","['kwo R']"
"罾","['cung R']"
"罝","['cye L']"
"簄","['hwo R']"
"罶","['lyu H']"
"笱","['kwu R']"
"籗","['kwak H']"
"耒","['loy R']"
"耜","['so R']"
"鏵","['hwa L']"
"犂","['lyey L']"
"彈","['than L']"
"矰","['cung L']"
"弋","['Gik H']"
"繳","['cyak H']"
"鍫","['chyo L']"
"鍤","['sap H']"
"杷","['pha L']"
"杴","['hum L']"
"耞","['ka L']"
"耬","['lwu R']"
"磟","['lwok H']"
"碡","['twok H']"
"綜","['cwong R']"
"緯","['Gwuy H']"
"機","['kuy L']"
"榺","['sung R']"
"帵","['Gwan L']"
"繃","['pung L']"
"匹","['phil H']"
"幅","['pwok L']"
"幅","['pwu L']"
"梭","['sa L']"
"簆","['kwu R']"
"筬","['syeng L']"
"榬","['Gwen L']"
"籰","['Gyak H']"
"杼","['tye R']"
"柚","['thyuk H']"
"篲","['syu R']"
"箒","['chyu R']"
"刀","['two L']"
"鞘","['syo L']"
"瓦","['Gwa R']"
"甎","['cyen L']"
"瓴","['lyeng L']"
"甓","['pyek H']"
"棍","['kwon R']"
"棒","['pang R']"
"椎","['thwoy L']"
"楔","['syel H']"
"樁","['cwang L']"
"橛","['kwel L']"
"椓","['thak H']"
"杙","['Gik H']"
"筲","['syo L']"
"桶","['thwong H']"
"綆","['kyeng R']"
"繘","['hyul H']"
"瓷","['co L']"
"缶","['pwu R']"
"坯","['poy L']"
"墼","['kyek H']"
"𣖄","['chyo L']"
"杓","['cyak L']"
"瓢","['phyo L']"
"盠","['lyey L']"
"棊","['kuy L']"
"弈","['hyek H']"
"骰","['thwu L']"
"枰","['phyeng L']"
"丈","['tyang L']"
"枴","['kway L']"
"笻","['kwong L']"
"杖","['tyang R']"
"碫","['tan L']"
"礪","['lyey R']"
"砥","['ci H']"
"硎","['hyeng L']"
"鞦","['chyu L']"
"韆","['chyen L']"
"毬","['kwu L']"
"𨪅","['kyen R']"
"盂","['Gwu L']"
"鉢","['pal H']"
"塔","['thap H']"
"龕","['ham L']"
"廐","['kwu R']"
"櫪","['lyek H']"
"枊","['Gang L']"
"篼","['two L']"
"蕢","['kwey R']"
"畚","['pwon H']"
"篚","['pi R']"
"函","['ham L']"
"飯","['pan R']"
"食","['sik H']"
"饔","['Gwong L']"
"飱","['swon L']"
"餚","['hyo H']"
"饌","['chan R']"
"饍","['syen H']"
"饈","['syu L']"
"餛","['hwon L']"
"飩","['twun L']"
"餕","['san L']"
"饀","['ham R']"
"餺","['pak H']"
"飥","['thak H']"
"饅","['man L']"
"䬦","['thwu L']"
"餠","['pyeng R']"
"餌","['zi R']"
"餈","['co L']"
"餻","['kwo L']"
"糜","['mi L']"
"粥","['cyuk H']"
"饘","['cyen L']"
"漿","['cyang L']"
"糙","['cwo R']"
"糲","['lal R']"
"米","['mi R']"
"粒","['lip H']"
"麨","['chyo H']"
"糗","['kwu R']"
"糇","['hwu L']"
"粮","['lyang L']"
"醋","['chwo R']"
"醯","['hyey L']"
"醢","['hoy R']"
"鮓","['ca R']"
"膾","['hwoy R']"
"炙","['cyek H']"
"羹","['koyngs L']"
"湯","['thang L']"
"虀","['cyey']"
"豉","['si H']"
"油","['Gyu L']"
"醬","['cyang R']"
"糤","['san R']"
"餳","['syeng L']"
"飴","['Gi L']"
"糖","['tang L']"
"酒","['cyu L']"
"醴","['lyey H']"
"醱","['pal H']"
"醅","['poy L']"
"醪","['lyo L']"
"酶","['moy L']"
"酵","['kyo H']"
"麴","['kwuk H']"
"湩","['twong R']"
"酪","['lak H']"
"酥","['swo L']"
"蜜","['mil H']"
"鮝","['syang H']"
"脯","['phwo H']"
"腊","['syek H']"
"肉","['zyuk H']"
"鹻","['kyem R']"
"鹺","['ca L']"
"鹽","['Gyem L']"
"滷","['lwo H']"
"皶","['ca L']"
"葅","['cwo L']"
"糝","['cham R']"
"𦞦","['hwak H']"
"麵","['myen H']"
"麩","['pwu L']"
"䴲","['mal L']"
"糏","['syel H']"
"茶","['ta L']"
"茗","['myeng R']"
"糟","['cwo L']"
"粕","['pak H']"
"冠","['kwan L']"
"冕","['myen R']"
"幞","['pwok H']"
"弁","['pyen R']"
"巾","['ken L']"
"帽","['mwo R']"
"㠹","['kay R']"
"幘","['cyek H']"
"袍","['phwo L']"
"裘","['kwu L']"
"衫","['sam L']"
"裳","['syang L']"
"靴","['hwa L']"
"鞋","['hyey L']"
"履","['li L']"
"舃","['syek H']"
"裙","['kwun L']"
"襇","['kan R']"
"裩","['kwun L']"
"袴","['kwo R']"
"韈","['mal H']"
"䩺","['Gwong L']"
"襞","['pyek H']"
"襀","['cyek H']"
"袪","['ke L']"
"袂","['myey R']"
"䘸","['Goyk L']"
"袖","['syu R']"
"𧘐","['thak H']"
"襠","['tang L']"
"楎","['hwen R']"
"屐","['kuk H']"
"帕","['pha R']"
"帨","['syey R']"
"衾","['kum L']"
"被","['phi R']"
"紳","['sin L']"
"帶","['toy R']"
"銙","['kwa R']"
"鞓","['tyeng L']"
"笏","['hwol H']"
"佩","['phay R']"
"縧","['thyo L']"
"繸","['syu R']"
"紐","['nyu R']"
"𫃜","['kwu H']"
"緌","['zyu L']"
"纓","['Gyeng L']"
"袈","['ka L']"
"裟","['sa L']"
"衲","['nap H']"
"襖","['Gwo R']"
"襁","['kang R']"
"褓","['pwo H']"
"褯","['cya R']"
"䙀","['pung L']"
"領","['lyeng H']"
"襋","['kuk H']"
"襟","['kum L']"
"袵","['zim H']"
"裌","['hyep H']"
"禪","['tan L']"
"縕","['Gwon R']"
"襺","['kyen R']"
"絲","['so L']"
"線","['syen R']"
"縷","['lwu L']"
"纑","['lwo L']"
"纊","['kwang R']"
"絮","['sye R']"
"緜","['myen L']"
"繭","['kyen R']"
"簪","['com L']"
"笄","['kyey L']"
"鎞","['pi L']"
"釵","['cha L']"
"珥","['zi R']"
"璫","['tang L']"
"釧","['chyen R']"
"環","['hwan L']"
"脂","['ci L']"
"膏","['kwo L']"
"𧹢","['Gyen L']"
"𧹛","['ci L']"
"髲","['phi L']"
"髢","['thyey L']"
"髻","['kyey H']"
"鬟","['hwan L']"
"舟","['cyu L']"
"船","['syen L']"
"艇","['tyeng R']"
"艘","['swu H']"
"帆","['pem L']"
"篷","['pwong L']"
"桅","['Gwuy L']"
"檣","['cyang L']"
"纜","['lam R']"
"碇","['tyeng H']"
"艣","['nwo H']"
"舵","['tha R']"
"𥱼","['phay L']"
"筏","['pel H']"
"舫","['pang L']"
"航","['hang L']"
"篙","['kwo L']"
"戽","['hwo R']"
"舥","['pha L']"
"舠","['two L']"
"橈","['zyo L']"
"楫","['cup R']"
"棹","['two R']"
"槳","['cyang L']"
"舷","['hyen L']"
"艄","['chyo L']"
"舳","['thyuk H']"
"艫","['lwo L']"
"艦","['ham R']"
"舶","['poyk H']"
"艚","['cwo L']"
"艑","['phyen R']"
"車","['ke L']"
"輛","['lyang R']"
"輜","['chuy L']"
"輧","['pyeng L']"
"轎","['kyo R']"
"輿","['Gye L']"
"輅","['lwo H']"
"輦","['lyen H']"
"轓","['pen L']"
"轅","['Gwen L']"
"軛","['Goyk H']"
"輈","['tyu L']"
"輨","['kwan H']"
"轄","['hal H']"
"軸","['thyuk H']"
"轂","['kwok H']"
"軺","['Gyo H']"
"𨏃","['kang L']"
"輪","['lyun L']"
"輔","['pwo R']"
"輞","['mang H']"
"𫐀","['ke L']"
"轑","['lyo R']"
"輻","['pwok H']"
"鞍","['Gan L']"
"鞽","['kyo L']"
"𫖊","['tyem H']"
"珂","['ka L']"
"韂","['chyem L']"
"靾","['thyey H']"
"鞧","['chyu L']"
"𩌬","['cang L']"
"鞚","['kwong R']"
"勒","['luk L']"
"鞿","['kuy L']"
"䪊","['lwong L']"
"轡","['pi R']"
"靶","['pha R']"
"靮","['tyek L']"
"韁","['kang L']"
"銜","['ham L']"
"鑣","['phyo L']"
"鐙","['tung R']"
"䩢","['cyel L']"
"鞭","['phyen L']"
"檛","['cwa L']"
"箠","['chywey R']"
"策","['choyk H']"
"干","['kan L']"
"櫓","['lwo R']"
"盾","['syun R']"
"瞂","['pel H']"
"戈","['kwa L']"
"矛","['mwo L']"
"劒","['kem R']"
"戟","['kuk H']"
"槍","['chang L']"
"槊","['sak H']"
"鋒","['pwong L']"
"鍔","['Gak H']"
"䤴","['hap L']"
"鋏","['hyep H']"
"鉞","['Gwel H']"
"鏚","['chyek H']"
"銃","['chyung L']"
"砲","['phwo R']"
"鼓","['kwo H']"
"鼙","['pi L']"
"甲","['kap H']"
"鎧","['kay R']"
"冑","['tyu R']"
"鍪","['mwo L']"
"弓","['kwung L']"
"弧","['hwo L']"
"弩","['nwo R']"
"弦","['hyen L']"
"弰","['syo L']"
"弭","['mi R']"
"弝","['pha R']"
"彄","['kwu L']"
"𢎹","['kyel H']"
"韘","['syep H']"
"𤿧","['han R']"
"韝","['kwu L']"
"𢁿","['cyeng L']"
"𢁕","['tyek H']"
"堋","['pung L']"
"帿","['hwu L']"
"翎","['lyeng L']"
"𩪛","['pak L']"
"髇","['hwo R']"
"骲","['pak H']"
"鏃","['cwok H']"
"鏑","['tyek H']"
"鈚","['phi L']"
"鍭","['hwu L']"
"箭","['cyen R']"
"矢","['si R']"
"筈","['kwal H']"
"笴","['kan H']"
"鉦","['cyeng L']"
"鑼","['la L']"
"旗","['kuy L']"
"纛","['twok H']"
"櫜","['kwo L']"
"鞬","['ken L']"
"韣","['twok L']"
"韔","['thyang R']"
"𩊶","['pwo R']"
"靫","['cha L']"
"箶","['hwo L']"
"簏","['lwok L']"
"堊","['Gak H']"
"素","['swo H']"
"粉","['pwun H']"
"白","['poyk H']"
"𪑩","['tyen H']"
"青","['chyeng L']"
"黛","['toy R']"
"黑","['huk H']"
"玄","['hyen L']"
"皂","['cwo R']"
"丹","['tan L']"
"雘","['hwak L']"
"彤","['twong L']"
"赭","['cya R']"
"赬","['tyeng L']"
"赤","['cyek H']"
"朱","['cyu L']"
"緋","['poy L']"
"紅","['hwong L']"
"絳","['kang R']"
"黃","['hwang L']"
"紫","['co R']"
"綠","['lwok H']"
"碧","['pyek H']"
"紗","['sa L']"
"羅","['la L']"
"綾","['lung L']"
"叚","['tan R']"
"鎌","['kyem L']"
"絁","['si L']"
"布","['phwo H']"
"帛","['poyk H']"
"氁","['mwo L']"
"𣮷","['kal H']"
"氊","['cyen L']"
"毯","['tam R']"
"綈","['tyey L']"
"繒","['cung L']"
"絺","['thi L']"
"綌","['kyek H']"
"紈","['hwan L']"
"綺","['kuy R']"
"綃","['chyo L']"
"絹","['kyen R']"
"錦","['kum R']"
"紬","['tyu L']"
"縐","['chwu L']"
"縠","['kwok H']"
"寶","['pwo R']"
"貝","['phay R']"
"錢","['cyen L']"
"鈔","['chyo L']"
"金","['kum L']"
"銀","['Gun L']"
"珠","['cyu L']"
"玉","['Gwok H']"
"銅","['twong L']"
"鐵","['thyel H']"
"鍮","['tyu L']"
"鉐","['syek H']"
"汞","['hwong R']"
"鈆","['Gyen L']"
"鑞","['lap H']"
"錫","['syek H']"
"瓊","['kyeng H']"
"瑤","['Gyo L']"
"瓔","['Gyeng L']"
"珞","['lak H']"
"珍","['tin L']"
"玭","['pyen L']"
"璣","['kuy L']"
"璧","['pyek H']"
"珊","['san L']"
"瑚","['hwo L']"
"瑪","['ma R']"
"瑙","['nwo R']"
"琉","['lyu L']"
"璃","['li L']"
"琥","['hwo R']"
"珀","['poyk L']"
"琵","['pi L']"
"琶","['pha L']"
"鐘","['cyong L']"
"磬","['kyeG R']"
"琴","['kum L']"
"瑟","['sul H']"
"笳","['ka L']"
"拍","['poyk H']"
"笙","['soyng L']"
"簫","['syo L']"
"管","['kwan H']"
"籥","['Gyak L']"
"觱","['phil H']"
"篥","['lyul H']"
"箏","['coyng L']"
"笛","['tyek H']"
"疾","['cil H']"
"病","['pyeng R']"
"疼","['twong L']"
"痛","['thwong R']"
"吐","['thwo H']"
"瀉","['sya R']"
"嘔","['kwu R']"
"𠸺","['Gyek H']"
"疲","['phi L']"
"憊","['puy R']"
"憔","['chyo L']"
"悴","['chᆐ H']"
"羸","['li L']"
"瘦","['swu H']"
"癯","['kwu L']"
"瘠","['chyek H']"
"癬","['syen R']"
"癜","['tyen R']"
"疥","['kay L']"
"癩","['lwoy R']"
"疱","['phwo L']"
"痘","['twu H']"
"瘰","['la L']"
"癧","['lyek H']"
"蠱","['kwo H']"
"脹","['thyang R']"
"疔","['tyeng L']"
"疸","['tan R']"
"哮","['hyo R']"
"喘","['chyen R']"
"咳","['hoy R']"
"嗽","['swu R']"
"癮","['Gun H']"
"𤺋","['tin H']"
"癤","['cyel H']"
"疿","['pul H']"
"疣","['Gwu L']"
"贅","['chywey R']"
"癭","['Gyeng R']"
"瘤","['lyu R']"
"跎","['tha L']"
"瘸","['ka L']"
"瘖","['Gam L']"
"瘂","['Ga R']"
"㿗","['thwoy L']"
"疝","['san L']"
"瘻","['lwu R']"
"痔","['thi R']"
"癎","['kan R']"
"痓","['til H']"
"狂","['kwang H']"
"癲","['tyen L']"
"疶","['syel H']"
"痢","['li R']"
"聤","['tyeng L']"
"䏄","['tyey R']"
"癰","['Gwong R']"
"疽","['cye L']"
"瘡","['chang L']"
"趼","['kyen R']"
"痎","['hoy L']"
"瘧","['hak H']"
"痁","['cyem L']"
"癨","['hwak H']"
"瘟","['Gwon L']"
"疫","['Gyek H']"
"痰","['tam L']"
"瘚","['kwel H']"
"黶","['Gyem R']"
"痣","['ci H']"
"皸","['kwun L']"
"瘃","['thak H']"
"腫","['cyong R']"
"脪","['hun R']"
"痂","['ka L']"
"𤹡","['cha L']"
"瘢","['pan L']"
"痕","['hun L']"
"疤","['pha L']"
"疵","['co L']"
"崩","['pung']"
"薨","['hwung L']"
"𣨛","['cwol H']"
"死","['so R']"
"魂","['hwon L']"
"魄","['poyk H']"
"靈","['lyeng L']"
"輀","['zi L']"
"櫬","['chin R']"
"棺","['kwan L']"
"柩","['kwu R']"
"槨","['kwak H']"
"殮","['lyem R']"
"屍","['si L']"
"殯","['pin R']"
"葬","['cang R']"
"窀","['twun L']"
"穸","['syek H']"
"碑","['pi L']"
"碣","['kal H']"
"墳","['pwun L']"
"塚","['thyong H']"
"墓","['myo R']"
"壙","['kwang L']"
"混","['hwon R']"
"沌","['twon R']"
"開","['koy L']"
"闢","['pyek L']"
"淸","['chyeng L']"
"濁","['thak H']"
"位","['Gwuy H']"
"奠","['tyen R']"
"造","['cwo R']"
"化","['hwa R']"
"斡","['Gal H']"
"旋","['syen R']"
"光","['kwang L']"
"景","['kyeng H']"
"流","['lyu L']"
"轉","['tyen R']"
"旻","['min L']"
"昊","['hwo H']"
"穹","['kwung L']"
"窿","['lyung L']"
"暾","['twon L']"
"旭","['Gwuk H']"
"暈","['Gwun H']"
"明","['myeng L']"
"照","['cyo L']"
"曜","['Gyo H']"
"暉","['hwuy L']"
"暎","['Gyeng R']"
"暪","['man R']"
"昧","['moy R']"
"暗","['Gam R']"
"暝","['myeng L']"
"暄","['hwen L']"
"暖","['nan R']"
"炎","['Gyem L']"
"燠","['Gwuk H']"
"凉","['lyang L']"
"冷","['loyng H']"
"凍","['twong R']"
"冸","['pan R']"
"晴","['chyeng L']"
"霽","['cyey R']"
"霾","['moy L']"
"曀","['Gyey R']"
"昕","['hun L']"
"晡","['phwo L']"
"昃","['choyk H']"
"旰","['han H']"
"古","['kwo R']"
"今","['kum L']"
"翌","['Gik H']"
"昨","['cak L']"
"夙","['syuk H']"
"晏","['Gan R']"
"曩","['nang R']"
"昔","['syek H']"
"人","['zin L']"
"物","['mul H']"
"受","['syu H']"
"賦","['pwu R']"
"品","['phwum R']"
"彙","['hwuy H']"
"滋","['co L']"
"殖","['sik H']"
"羽","['Gwu H']"
"毛","['mwo L']"
"鱗","['lin L']"
"介","['kay R']"
"飛","['pi L']"
"潛","['com L']"
"動","['twong R']"
"植","['sik H']"
"蜫","['kwon L']"
"蟲","['thyung L']"
"禽","['kum L']"
"鳥","['tyo H']"
"魚","['Ge L']"
"獸","['syu H']"
"禾","['hwa L']"
"穀","['kwok H']"
"菓","['kwa R']"
"蓏","['la R']"
"菜","['choy R']"
"蔬","['swo L']"
"草","['chwo H']"
"卉","['hwey R']"
"樹","['syu H']"
"木","['mwok R']"
"根","['kun L']"
"荄","['hoy L']"
"株","['tyu L']"
"幹","['kan R']"
"槎","['sa L']"
"枿","['Gal L']"
"萌","['moyng L']"
"芽","['Ga L']"
"條","['tyo L']"
"柯","['ka L']"
"枝","['ci L']"
"葉","['Gyep H']"
"花","['hwa L']"
"蘂","['Gyey R']"
"英","['Gyeng L']"
"葩","['pha L']"
"叢","['chwong L']"
"苞","['phwo L']"
"莖","['koyng L']"
"蔕","['thyey H']"
"藤","['tung L']"
"虆","['lyu L']"
"秧","['Gang L']"
"苗","['myo L']"
"榮","['Gyeng L']"
"華","['hwa L']"
"枯","['kwo L']"
"槁","['kwo L']"
"柴","['suy L']"
"薪","['sin L']"
"蒭","['chwu L']"
"蕘","['Gyo L']"
"稈","['kan R']"
"稭","['koy X']"
"穎","['Gyeng L']"
"穗","['syu L']"
"梗","['kyeng R']"
"莿","['co R']"
"杈","['cha L']"
"梢","['chyo L']"
"耕","['kyeng L']"
"耰","['Gwu L']"
"種","['cyong H']"
"蒔","['si L']"
"耘","['Gwun H']"
"耔","['co L']"
"𦔩","['phyo L']"
"薅","['hwo L']"
"栽","['coy L']"
"椄","['cyep H']"
"𢳍","['chyen L']"
"揷","['sap H']"
"培","['poy L']"
"壅","['Gwong R']"
"零","['lyeng L']"
"落","['lak H']"
"𤗷","['lin R']"
"瓣","['phan H']"
"㼕","['tang']"
"瓤","['Gyang L']"
"竿","['kan L']"
"箬","['zyak H']"
"筠","['kyun L']"
"籜","['thak H']"
"稼","['ka H']"
"穡","['soyk H']"
"𥡜","['la L']"
"𮃄","['tha R']"
"收","['syu L']"
"割","['hal H']"
"刈","['Gay R']"
"穫","['hwak H']"
"擣","['two R']"
"舂","['syong L']"
"簸","['pha R']"
"䑔","['pel H']"
"稃","['pwu L']"
"秕","['phi R']"
"穅","['kang L']"
"麧","['hul H']"
"莩","['pwu L']"
"莢","['hyep H']"
"柎","['pwu L']"
"萼","['Gak H']"
"榾","['kwol H']"
"柮","['twol H']"
"核","['hoyk H']"
"𣝗","['kwol H']"
"肫","['twun L']"
"膍","['pi L']"
"距","['ke R']"
"尾","['mi R']"
"嘴","['chᆐ R']"
"喙","['hwey R']"
"嗉","['swo R']"
"吭","['hang L']"
"翰","['han R']"
"翮","['kyek H']"
"翅","['si R']"
"翼","['Gik L']"
"翶","['kwo L']"
"翔","['syang L']"
"翓","['hil H']"
"𦐄","['hang L']"
"雌","['co L']"
"雄","['Gwung L']"
"牝","['ping R']"
"牡","['mwo R']"
"塒","['si L']"
"巢","['swo L']"
"窠","['kwa L']"
"棲","['sye L']"
"孶","['co L']"
"菢","['phwo R']"
"卵","['lan R']"
"雛","['chwu L']"
"啄","['thak H']"
"哺","['phwo R']"
"鷇","['kwu R']"
"啼","['tyey L']"
"騲","['chwo H']"
"騍","['kwa R']"
"牯","['kwo R']"
"牸","['co H']"
"犍","['ken L']"
"犗","['kyey R']"
"騸","['syen R']"
"驐","['twon L']"
"肥","['pi L']"
"脿","['phyo L']"
"𤸯","['sang R']"
"踠","['Gwan R']"
"羖","['kwo R']"
"羝","['tyey L']"
"羯","['kal H']"
"豶","['pwun L']"
"嘲","['tyo L']"
"㖡","['Gya R']"
"□","['syek H']"
"鳴","['myeng L']"
"嘶","['suy L']"
"吠","['phyey R']"
"噪","['cwo R']"
"雊","['kwu R']"
"蠢","['cyun R']"
"蠕","['zyen R']"
"翀","['thyung L']"
"翥","['cya R']"
"咆","['phwo L']"
"嘷","['hwo L']"
"呌","['kyo R']"
"吼","['hwu R']"
"咂","['cap H']"
"囓","['hyel H']"
"噬","['sye R']"
"咬","['kyo R']"
"觝","['tyey H']"
"觸","['chyok H']"
"踶","['tyey L']"
"𤜂","['Gwuy H']"
"閑","['han L']"
"圈","['kwen R']"
"苙","['lip L']"
"棧","['can H']"
"豢","['hwan R']"
"養","['Gyang R']"
"飼","['so R']"
"餵","['Gwuy H']"
"騎","['kuy L']"
"乘","['sung L']"
"駕","['ka R']"
"馭","['Ge R']"
"𩥮","['san']"
"駷","['swong R']"
"馳","['thi L']"
"驅","['kwu L']"
"蒐","['swu L']"
"狩","['syu H']"
"獮","['syen']"
"畋","['tyen R']"
"捕","['pwo H']"
"釣","['tyo H']"
"射","['ssya H']"
"屠","['two L']"
"皮","['phi L']"
"革","['hyek H']"
"韋","['Gwuy L']"
"鞹","['kwak H']"
"筋","['kun L']"
"角","['kak H']"
"鬣","['lyep H']"
"鬉","['cwong L']"
"䰇","['ki L']"
"鰾","['phyo L']"
"蹄","['tyey L']"
"蹢","['tyek H']"
"蟠","['pan L']"
"蟄","['thip H']"
"蛻","['Gyey R']"
"𧌆","['kwong L']"
"蚛","['tyung R']"
"蝕","['sik H']"
"蘞","['hem R']"
"螫","['syek H']"
"𮪠","['chan R']"
"𩥇","['tyen R']"
"騰","['tung L']"
"驤","['Gyang L']"
"弨","['thyo L']"
"弛","['Gi R']"
"𢐧","['kyeng L']"
"𡑻","['thyu L']"
"彀","['kwu R']"
"彍","['kwak H']"
"彎","['man L']"
"張","['tyang L']"
"祭","['cyey R']"
"祀","['so R']"
"歆","['hum L']"
"饗","['hyang R']"
"福","['pwok H']"
"祿","['nwok H']"
"祐","['Gwu H']"
"祚","['cwo R']"
"宴","['Gyen R']"
"餞","['cyen R']"
"犒","['kwo R']"
"𤛮","['lwo R']"
"餫","['Gwun R']"
"餉","['hyang R']"
"饁","['nyep H']"
"酺","['phwo R']"
"汲","['kup H']"
"注","['cwu R']"
"澡","['cwo R']"
"洗","['syey R']"
"沐","['mwok H']"
"浴","['Gyok H']"
"漱","['swu R']"
"盥","['kwan R']"
"淘","['two L']"
"淅","['syek H']"
"沙","['sa L']"
"汰","['thay R']"
"泔","['kam L']"
"潘","['pen L']"
"瀋","['sim R']"
"㶕","['kan R']"
"笮","['choyk H']"
"壓","['Gap H']"
"澄","['tung L']"
"濾","['lye R']"
"渣","['sa L']"
"滓","['coy R']"
"垽","['Gun H']"
"澱","['tyen R']"
"涌","['Gyong R']"
"沸","['pi R']"
"滾","['kwon R']"
"涫","['kwan L']"
"添","['thyem H']"
"沃","['Gwok H']"
"溢","['Gil H']"
"瀽","['ken R']"
"𣪮","['ci R']"
"殺","['sal H']"
"煺","['thwoy R']"
"燖","['sim L']"
"撕","['so L']"
"𢸴","['zyem L']"
"烝","['cung L']"
"缹","['pwu R']"
"炊","['chyuy L']"
"爨","['chan H']"
"烹","['phoyng L']"
"煮","['cya R']"
"餁","['zip R']"
"熟","['syuk H']"
"饙","['pwun H']"
"餾","['lyu R']"
"攤","['than L']"
"漧","['kan']"
"擂","['lwoy L']"
"硏","['Gyen L']"
"齍","['coy L']"
"盛","['syeng L']"
"飣","['tyeng R']"
"餖","['twu H']"
"醃","['Gem L']"
"𨠢","['pen L']"
"黴","['moy L']"
"浥","['Gup H']"
"饐","['Gey R']"
"餲","['Gay H']"
"醭","['pwok H']"
"殕","['pwu R']"
"燺","['kwo R']"
"煏","['phip H']"
"焙","['poy L']"
"烘","['hwong L']"
"燔","['pen L']"
"炙","['cya R']"
"煠","['cap H']"
"爚","['Gyak L']"
"爁","['lam R']"
"焦","['chyo L']"
"炮","['phwo L']"
"爊","['Gyo L']"
"煎","['cyen L']"
"熬","['Gwo L']"
"炒","['chyo H']"
"煿","['pak H']"
"嘗","['syang']"
"嗜","['ki L']"
"饞","['cham L']"
"渴","['kal L']"
"味","['mi R']"
"臭","['chyuy R']"
"香","['hyang L']"
"馨","['hyeng L']"
"葷","['hwun L']"
"釅","['Gem R']"
"醇","['syun L']"
"醲","['nwong L']"
"腐","['pwu R']"
"臊","['cwo R']"
"羶","['cyen L']"
"鯹","['syeng L']"
"辛","['sin L']"
"辣","['lal L']"
"酸","['san L']"
"苦","['kwo L']"
"甘","['kam L']"
"甛","['thyem L']"
"鹹","['ham L']"
"淡","['tam R']"
"呑","['thon L']"
"含","['ham L']"
"噙","['kum L']"
"嚥","['Gyen R']"
"齦","['kun L']"
"齕","['hul L']"
"喫","['kik H']"
"噉","['tam R']"
"嗍","['sak H']"
"吮","['Gyen R']"
"舐","['tyey R']"
"舔","['thyem R']"
"啜","['thyel H']"
"歃","['sap H']"
"飮","['Gum H']"
"嚼","['cyak H']"
"醞","['Gwon R']"
"釀","['Gyang R']"
"泲","['co R']"
"𥂖","['lwok H']"
"釃","['suy L']"
"𨢦","['chay H']"
"斟","['cim L']"
"酌","['cyak L']"
"𣂏","['kyu L']"
"挹","['Gup H']"
"舀","['Gyo R']"
"抒","['sye R']"
"獻","['hen L']"
"酬","['syu L']"
"交","['kyo L']"
"錯","['chak H']"
"樂","['Gak H']"
"曲","['kwok H']"
"吹","['chyu L']"
"唱","['chyang R']"
"歌","['ka L']"
"舞","['mwu R']"
"醉","['chyuy R']"
"𨠯","['hwu H']"
"耍","['swa R']"
"戱","['huy R']"
"閧","['hwong R']"
"閙","['nyo R']"
"罵","['ma R']"
"詈","['li R']"
"戰","['cyen R']"
"闘","['thwu H']"
"𨧱","['kwul H']"
"銊","['syul H']"
"斿","['Gyu L']"
"旒","['lyu L']"
"鋩","['mang L']"
"刃","['zin R']"
"鉎","['soyng L']"
"銹","['syu H']"
"型","['hyeng L']"
"模","['mwo L']"
"鞴","['phay R']"
"棙","['lyey R']"
"鐏","['cwon R']"
"錔","['tap H']"
"鈕","['nyu R']"
"釦","['kwu R']"
"焇","['syo L']"
"烊","['Gyang L']"
"焠","['syu H']"
"鋥","['tyeng R']"
"鎔","['Gyong L']"
"冶","['Gya R']"
"鍊","['lyen R']"
"鍛","['tan R']"
"錭","['tyo L']"
"鏤","['lwu L']"
"鍍","['two R']"
"鋈","['Gwok H']"
"鑄","['cwu R']"
"䥱","['sya H']"
"錮","['kwo R']"
"銲","['han R']"
"璺","['mwun R']"
"瑕","['ha L']"
"綻","['than H']"
"𢅯","['pwun R']"
"釘","['tyeng L']"
"鉸","['kyo H']"
"蔑","['myel H']"
"箍","['kwo L']"
"橫","['hwoyng L']"
"斜","['sya L']"
"欹","['kuy L']"
"歪","['kwoy L']"
"牮","['cyen H']"
"拄","['tyu R']"
"搘","['ci L']"
"捂","['Gwo L']"
"頹","['thwoy L']"
"圮","['puy R']"
"坍","['tan L']"
"塌","['thap H']"
"甃","['chyu L']"
"砌","['chyey R']"
"築","['thyuk R']"
"壘","['lyu R']"
"傾","['kyeng H']"
"仄","['chuk H']"
"撼","['ham R']"
"揝","['cam R']"
"撑","['thoyng L']"
"㼭","['tyem R']"
"𢻨","['sap H']"
"攱","['kwey R']"
"坑","['koyng L']"
"坎","['kam R']"
"坳","['Gyo L']"
"陷","['ham R']"
"磽","['kyo L']"
"确","['kak H']"
"塉","['chyek H']"
"潟","['syek H']"
"溜","['lyu R']"
"冓","['kwu L']"
"基","['kuy L']"
"址","['ci H']"
"𥥟","['Gwa R']"
"苫","['syem R']"
"稕","['cyun R']"
"𥴩","['kyek H']"
"孔","['kwong H']"
"穴","['hyel H']"
"窟","['kwul H']"
"竉","['lwoG R']"
"罅","['ha L']"
"釁","['hun R']"
"阿","['Ga L']"
"隙","['kuk H']"
"塵","['tin L']"
"埃","['Gay L']"
"坌","['pwun R']"
"塕","['Gwong R']"
"垢","['kwu R']"
"圿","['kal H']"
"塊","['kwoy R']"
"堛","['pyek H']"
"居","['ke L']"
"處","['chye R']"
"器","['kuy H']"
"皿","['myeng R']"
"衣","['Guy L']"
"服","['pwok H']"
"財","['coy L']"
"貨","['hwa R']"
"豊","['phwung L']"
"稔","['nim R']"
"飽","['phwo R']"
"飫","['Ge R']"
"歉","['kyem R']"
"儉","['kem R']"
"餒","['nwoy R']"
"餓","['Ga R']"
"繅","['swo L']"
"繹","['Gyek H']"
"紡","['pang L']"
"絡","['lak H']"
"緝","['cup H']"
"績","['cyek H']"
"絍","['zim H']"
"織","['cik H']"
"紺","['kam R']"
"緅","['chyu L']"
"纁","['hwun L']"
"緗","['syang L']"
"裁","['coy L']"
"縫","['pwong L']"
"繡","['syu H']"
"刺","['chyek H']"
"穿","['chyen L']"
"着","['thyak H']"
"摳","['kwu L']"
"攐","['ken L']"
"裸","['la H']"
"裎","['tyeng L']"
"袒","['than L']"
"裼","['thyek H']"
"套","['thwo L']"
"搭","['thap H']"
"鞁","['phi R']"
"鞔","['man L']"
"裝","['cang L']"
"𨧫","['so R']"
"嵌","['kam L']"
"塑","['swo R']"
"粧","['cang L']"
"扮","['pan R']"
"搽","['cha L']"
"抹","['mal H']"
"褪","['twon R']"
"卸","['sya H']"
"襤","['lam L']"
"褸","['lwu R']"
"圖","['two L']"
"寫","['ssya R']"
"描","['myo L']"
"罨","['Gap H']"
"紋","['mwun L']"
"綵","['choy R']"
"繪","['hwoy L']"
"飾","['sik H']"
"誆","['kwang R']"
"賺","['tam R']"
"騙","['phyen R']"
"拐","['kway H']"
"博","['pak H']"
"換","['hwan H']"
"糶","['tyo H']"
"糴","['tyek R']"
"租","['cwo L']"
"稅","['syey R']"
"貢","['kwong R']"
"納","['nap H']"
"徵","['ting X']"
"斂","['lyem R']"
"課","['kwa R']"
"式","['sik H']"
"售","['syu H']"
"衒","['hyen R']"
"賣","['may R']"
"鬻","['Gyuk H']"
"沽","['kwo L']"
"買","['moy R']"
"購","['kwu R']"
"貿","['mwu R']"
"賖","['sya L']"
"貰","['syey R']"
"販","['phan H']"
"贗","['Gan R']"
"貼","['thyep H']"
"𧸘","['lyem R']"
"賃","['nim R']"
"僦","['chyuy R']"
"賄","['hwoy R']"
"賂","['lwoy R']"
"贈","['cung R']"
"貽","['Gi L']"
"賞","['syang R']"
"賜","['so R']"
"給","['kup L']"
"賚","['lwoy R']"
"贖","['syok H']"
"債","['chay H']"
"陪","['poy L']"
"償","['syang L']"
"乞","['kel H']"
"假","['ka R']"
"借","['chya R']"
"貸","['toy R']"
"籤","['chyem L']"
"籌","['tyu L']"
"占","['cyem L']"
"筮","['sye R']"
"摴","['tye L']"
"蒱","['phwo L']"
"賭","['two R']"
"賽","['soy H']"
"擹","['than L']"
"擲","['thyek H']"
"拈","['cyem L']"
"鬮","['kwu L']"
"輸","['syu L']"
"贏","['Gyeng L']"
"勝","['sung R']"
"敗","['phay R']"
"搔","['swo L']"
"爬","['pha L']"
"㧓","['kwa R']"
"搯","['kyep H']"
"搲","['Gwa L']"
"捧","['pwong R']"
"抔","['pwu L']"
"掬","['kwuk L']"
"搜","['swu L']"
"探","['tham L']"
"括","['kwal H']"
"檢","['kem R']"
"蘸","['cam R']"
"杻","['nyu R']"
"撈","['lwo L']"
"漉","['lwok H']"
"攬","['lam R']"
"攬","['lwu L']"
"捗","['pwo R']"
"攎","['lwo L']"
"抖","['twu H']"
"擻","['swu R']"
"搓","['cha L']"
"挪","['na L']"
"捻","['nyep H']"
"揑","['nyel H']"
"撚","['nyen R']"
"搣","['myel H']"
"𢶃","['pen L']"
"撋","['zyen L']"
"捼","['na L']"
"挱","['sa L']"
"擡","['toy L']"
"扛","['kang L']"
"擔","['tam R']"
"𢴦","['hyang R']"
"拂","['pul H']"
"拭","['sik H']"
"搵","['Gwon R']"
"揩","['koy L']"
"負","['pwu R']"
"戴","['toy R']"
"馱","['tha L']"
"載","['coy R']"
"擠","['cyey L']"
"拶","['chal H']"
"排","['poy L']"
"挨","['Gay L']"
"吾","['Gwo L']"
"我","['Ga R']"
"予","['Gye L']"
"俺","['Gam L']"
"咱","['ca L']"
"自","['co H']"
"他","['tha L']"
"彼","['phi R']"
"誰","['syu L']"
"孰","['syuk H']"
"伊","['Gi L']"
"某","['mwo R']"
"你","['ni H']"
"恁","['nim R']"
"汝","['zye R']"
"爾","['zi L']"
"儕","['cyey R']"
"輩","['poy R']"
"廝","['suy L']"
"每","['moy L']"
"寃","['Gwen L']"
"讎","['syu L']"
"仇","['kwu L']"
"敵","['tyek H']"
"偸","['thwu L']"
"竊","['cyel H']"
"攘","['zyang H']"
"奪","['thal H']"
"搶","['chang H']"
"掠","['lyak H']"
"俘","['pwu L']"
"馘","['kwoyk H']"
"聖","['syeng R']"
"賢","['hyen L']"
"廉","['lyem L']"
"哲","['thyel H']"
"豪","['hwo L']"
"傑","['kel H']"
"俊","['cyun R']"
"乂","['Gyey R']"
"仁","['zin L']"
"慈","['co L']"
"信","['sin R']"
"義","['Guy R']"
"忠","['thyung L']"
"恕","['sye R']"
"孝","['hyo R']"
"悌","['tyey R']"
"誠","['syeng L']"
"敬","['kyeng R']"
"貞","['tyeng L']"
"烈","['lyel R']"
"恭","['kwong L']"
"讓","['zyaG R']"
"謹","['kun R']"
"慧","['hyey R']"
"剛","['kang L']"
"悍","['han H']"
"勇","['Gyong R']"
"智","['ti L']"
"强","['kang L']"
"猛","['moyng R']"
"暴","['phwo R']"
"武","['mwu R']"
"尊","['cwon L']"
"卑","['pi L']"
"貴","['kwuy R']"
"賤","['chyen R']"
"壽","['syu H']"
"夭","['Gyo R']"
"貧","['pin L']"
"富","['pwu R']"
"姿","['co L']"
"態","['thoy R']"
"蹤","['cyong L']"
"跡","['cyek H']"
"進","['cin R']"
"退","['thwoy R']"
"儀","['Guy L']"
"度","['two L']"
"拜","['poy R']"
"揖","['Gup H']"
"稽","['kyey R']"
"頓","['twon R']"
"拱","['kwong R']"
"叉","['cha L']"
"跪","['kwey R']"
"跽","['kuy H']"
"行","['hoyng L']"
"步","['pwo R']"
"坐","['cwa H']"
"立","['lip H']"
"俯","['pwu R']"
"仰","['Gang R']"
"臥","['Gwa R']"
"起","['kuy H']"
"踐","['chyen R']"
"踏","['tap H']"
"跐","['chay R']"
"跑","['phwo L']"
"蹲","['cwun L']"
"距","['ke R']"
"跣","['syen R']"
"踣","['puk H']"
"蹺","['kyo L']"
"跬","['kyu R']"
"蹶","['kwel H']"
"跌","['til H']"
"踴","['Gyong R']"
"躍","['Gyak H']"
"跳","['tyo L']"
"趯","['thyek H']"
"窺","['kyu L']"
"覘","['tyem R']"
"顧","['kwo R']"
"看","['kan L']"
"見","['kyen R']"
"視","['si R']"
"瞻","['chyem L']"
"覿","['tyek H']"
"覩","['two R']"
"覯","['kwu R']"
"覽","['lam R']"
"觀","['kwan L']"
"瞰","['kam R']"
"眺","['tyo R']"
"瞬","['syun R']"
"瞑","['myeng L']"
"聾","['lwong L']"
"聵","['hwey H']"
"聰","['chwong H']"
"𦕠","['hwong L']"
"聽","['thyeng L']"
"䎸","['Gwo R']"
"聞","['mwun L']"
"聆","['lyeng L']"
"談","['tam L']"
"話","['hwoy R']"
"言","['Gen L']"
"語","['Ge R']"
"謇","['ken L']"
"吃","['kel H']"
"訒","['zin R']"
"訥","['nwul L']"
"諫","['kan R']"
"諍","['coyng R']"
"訐","['Gal H']"
"訕","['san R']"
"說","['syel L']"
"謊","['hwang R']"
"誘","['Gyu R']"
"訹","['thyul L']"
"諂","['thyem L']"
"諛","['Gyu R']"
"佞","['nyeng R']"
"辯","['pyen R']"
"是","['si R']"
"非","['pi L']"
"枉","['Gwang R']"
"直","['tik H']"
"謗","['pang R']"
"讟","['twok H']"
"毁","['hwey R']"
"譽","['Gyey R']"
"譏","['kuy L']"
"誚","['chyo H']"
"譴","['kyen R']"
"謮","['choyk H']"
"讒","['cham L']"
"譖","['chom H']"
"訴","['swo R']"
"告","['kwo H']"
"贓","['cang L']"
"證","['cung R']"
"誣","['mwu L']"
"覈","['hoyk L']"
"黥","['kyeng L']"
"劓","['Guy R']"
"剕","['pi R']"
"刖","['Gwel H']"
"罪","['cwoy R']"
"辜","['kwo L']"
"罰","['pel H']"
"謫","['tyek L']"
"打","['tha R']"
"拷","['kwo H']"
"捶","['chywey R']"
"撻","['tal H']"
"趕","['han H']"
"逐","['thyuk H']"
"黜","['thyul H']"
"斥","['chyek H']"
"奸","['kan L']"
"詐","['sa R']"
"狡","['kyo R']"
"猾","['hwal R']"
"慳","['kan L']"
"悋","['lin R']"
"靳","['kun L']"
"嗇","['soyk H']"
"懦","['na R']"
"弱","['Gyak H']"
"迷","['mi L']"
"劣","['lyel H']"
"饕","['two L']"
"餮","['thyel H']"
"貪","['tham L']"
"婪","['lam L']"
"嬾","['lan R']"
"惰","['tha H']"
"懈","['hoy R']"
"怠","['thoy H']"
"愚","['Gwu L']"
"騃","['Gay R']"
"癡","['thi L']"
"憨","['ham L']"
"好","['hwo H']"
"歹","['tay R']"
"善","['syen R']"
"惡","['Gak H']"
"能","['nung L']"
"否","['pwu R']"
"淑","['syuk H']"
"慝","['thuk H']"
"德","['tek H']"
"行","['hoyng R']"
"學","['hok R']"
"業","['Gep H']"
"才","['coy L']"
"術","['syul H']"
"技","['ki R']"
"藝","['Gyey H']"
"職","['cik H']"
"任","['zim R']"
"資","['co L']"
"級","['kup H']"
"功","['kwong L']"
"勣","['cyek L']"
"勳","['hwun L']"
"勩","['Gyey L']"
"刑","['hyeng L']"
"政","['cyeng L']"
"事","['sso R']"
"務","['mwu R']"
"嚴","['Gem L']"
"威","['Gwuy L']"
"恩","['Gun L']"
"惠","['hyey R']"
"統","['thwong R']"
"御","['Ge H']"
"攝","['syep H']"
"理","['li R']"
"撫","['mwu R']"
"恤","['hyul H']"
"賑","['cin R']"
"濟","['cyey R']"
"講","['kang R']"
"誨","['hwoy R']"
"敎","['kyo R']"
"訓","['hwun R']"
"讀","['twok H']"
"習","['sup H']"
"諷","['phwung R']"
"誦","['syong X']"
"盟","['moyng H']"
"誓","['syey R']"
"𧞣","['Gyem R']"
"禳","['Gyang L']"
"祈","['kuy L']"
"禱","['two H']"
"讚","['chan R']"
"頌","['syong R']"
"謳","['kwu L']"
"謠","['Gyo L']"
"吟","['Gum L']"
"嘯","['syo R']"
"問","['mwun R']"
"訊","['sin R']"
"詞","['so L']"
"訟","['syong H']"
"嬖","['phyey R']"
"寵","['thyong R']"
"姬","['huy L']"
"姜","['kang L']"
"偎","['Gwoy L']"
"愛","['Goy H']"
"矜","['kung L']"
"憐","['lyen L']"
"皴","['cyun L']"
"皺","['chwu L']"
"蚩","['chi H']"
"醜","['chyuy R']"
"丰","['pwong L']"
"艶","['Gyem R']"
"嬌","['kyo H']"
"姸","['Gyen L']"
"伉","['hang R']"
"儷","['lyey H']"
"雙","['swang L']"
"對","['toy R']"
"孑","['hyel H']"
"隻","['chyek R']"
"孤","['kwo L']"
"獨","['twok H']"
"一","['Gil H']"
"壹","['Gil H']"
"二","['zi L']"
"貳","['zi H']"
"三","['sam L']"
"四","['so R']"
"五","['Gwo R']"
"六","['lyuk H']"
"七","['chil H']"
"八","['phal H']"
"九","['kwu R']"
"十","['sip H']"
"百","['poyk H']"
"千","['chyen L']"
"萬","['man R']"
"億","['Gek H']"
"分","['pwun L']"
"兩","['lyang R']"
"寸","['chwon R']"
"斤","['kun L']"
"担","['tan R']"
"托","['thak H']"
"咫","['ci R']"
"坼","['thoyk L']"
"左","['cwa R']"
"右","['Gwu R']"
"前","['cyen L']"
"後","['hwu R']"
"遐","['ha L']"
"遠","['Gwen R']"
"近","['kun R']"
"邇","['zi R']"
"上","['syang R']"
"下","['ha R']"
"內","['noy H']"
"外","['Gwoy R']"
"中","['tyung L']"
"間","['kan L']"
"衷","['thyung L']"
"裏","['li R']"
"烟","['Gyen L']"
"火","['hwa R']"
"焚","['pwun H']"
"燒","['syo L']"
"燄","['Gyem R']"
"炸","['ca R']"
"煻","['tang L']"
"煨","['Gwoy L']"
"燬","['hwey R']"
"爇","['syel H']"
"燎","['lyo R']"
"燹","['syen R']"
"燼","['sin R']"
"炷","['cwu R']"
"灰","['hwoy L']"
"炲","['thoy L']"
"洚","['kang R']"
"水","['syu H']"
"瀰","['mi R']"
"漫","['man R']"
"漲","['thyang R']"
"濫","['lam R']"
"淹","['Gem R']"
"溺","['nik H']"
"渾","['hwon H']"
"淪","['lyun L']"
"汪","['Gwang L']"
"濊","['Gyey R']"
"泯","['min R']"
"滅","['myel R']"
"終","['cyong R']"
"極","['kuk H']"
"天","['thyen']"
"地","['ti']"
"玄","['hyen']"
"黃","['hwaG']"
"宇","['Gwu']"
"宙","['tyu']"
"洪","['hwoG']"
"荒","['hwaG']"
"日","['zil']"
"月","['Gwel']"
"盈","['GyeG']"
"仄","['choyk']"
"辰","['cin']"
"宿","['syuk']"
"列","['lyel']"
"張","['tyaG']"
"寒","['han']"
"來","['loy']"
"暑","['sye']"
"往","['GwaG']"
"秋","['chyu']"
"收","['syu']"
"冬","['twoG']"
"藏","['caG']"
"閏","['Gyun']"
"餘","['Gye']"
"成","['syeG']"
"歲","['syey']"
"律","['lyul']"
"呂","['lye']"
"調","['tyo']"
"陽","['GyaG']"
"雲","['Gwun']"
"騰","['tuG']"
"致","['thi']"
"雨","['Gwu']"
"露","['lwo']"
"結","['kyel']"
"爲","['Gwuy']"
"霜","['saG']"
"金","['kum']"
"生","['soyG']"
"麗","['lye']"
"水","['syu']"
"玉","['Gwok']"
"出","['chyul']"
"崑","['kwon']"
"岡","['kaG']"
"劒","['kem']"
"號","['hwo']"
"巨","['ke']"
"闕","['kwel']"
"珠","['cyu']"
"稱","['chin']"
"夜","['Gya']"
"光","['kwaG']"
"果","['kwa']"
"珍","['tin']"
"李","['ni']"
"奈","['nay']"
"菜","['choy']"
"重","['tyuG']"
"芥","['kay']"
"薑","['kaG']"
"海","['hoy']"
"鹹","['ham']"
"河","['ha']"
"淡","['tam']"
"鱗","['lin']"
"潛","['com']"
"羽","['Gwu']"
"翔","['syaG']"
"龍","['lyoG']"
"師","['so']"
"火","['hwa']"
"帝","['tyey']"
"鳥","['tyo']"
"官","['kwan']"
"人","['Gin']"
"皇","['hwaG']"
"始","['si']"
"制","['cyey']"
"文","['mwun']"
"字","['co']"
"乃","['nay']"
"服","['pwok']"
"衣","['Guy']"
"裳","['syaG']"
"推","['chyu']"
"位","['Gwuy']"
"讓","['GyaG']"
"國","['kwuk']"
"有","['Gyu']"
"虞","['Gwu']"
"陶","['two']"
"唐","['taG']"
"弔","['tyo']"
"民","['min']"
"伐","['pel']"
"罪","['cwoy']"
"周","['cyu']"
"發","['pal']"
"殷","['Gun']"
"湯","['thaG']"
"坐","['ca']"
"朝","['tyo']"
"問","['mwun']"
"道","['two']"
"垂","['syu']"
"拱","['kwoG']"
"平","['phyeG']"
"章","['cyaG']"
"愛","['Goy']"
"育","['hyuk']"
"黎","['lye']"
"首","['syu']"
"臣","['sin']"
"伏","['pwok']"
"戎","['GyuG']"
"羌","['kaG']"
"遐","['ha']"
"邇","['Gi']"
"壹","['Gil']"
"體","['thyey']"
"率","['cwol']"
"賓","['piG']"
"歸","['kwuy']"
"王","['GwaG']"
"鳴","['myeG']"
"鳳","['pwoG']"
"在","['coy']"
"樹","['syu']"
"白","['poyk']"
"駒","['kwu']"
"食","['sik']"
"場","['taG']"
"化","['hwa']"
"被","['phi']"
"草","['chwo']"
"木","['mwok']"
"賴","['lwoy']"
"及","['kup']"
"萬","['man']"
"方","['paG']"
"蓋","['kay']"
"此","['cho']"
"身","['sin']"
"髮","['pal']"
"四","['so']"
"大","['tay']"
"五","['Gwo']"
"常","['syaG']"
"恭","['kwoG']"
"惟","['Gyu']"
"鞠","['kwuk']"
"養","['GyaG']"
"豈","['kuy']"
"敢","['kam']"
"毁","['hᆀ']"
"傷","['syaG']"
"女","['nye']"
"慕","['mwo']"
"貞","['tyeG']"
"潔","['kyel']"
"男","['nam']"
"效","['hyo']"
"才","['coy']"
"良","['lyaG']"
"知","['ti']"
"過","['kwa']"
"必","['phil']"
"改","['koy']"
"得","['tuk']"
"能","['nuG']"
"莫","['mak']"
"忘","['maG']"
"罔","['maG']"
"談","['tam']"
"彼","['phi']"
"短","['tan']"
"靡","['mi']"
"恃","['si']"
"己","['kuy']"
"長","['tyaG']"
"信","['sin']"
"使","['so']"
"可","['ka']"
"覆","['pwok']"
"器","['kuy']"
"欲","['Gyok']"
"難","['lan']"
"量","['lyaG']"
"墨","['muk']"
"悲","['pi']"
"絲","['so']"
"染","['Gyem']"
"詩","['si']"
"讚","['chan']"
"羔","['kwo']"
"羊","['GyaG']"
"景","['kyeG']"
"行","['hoyG']"
"維","['Gyu']"
"賢","['hyen']"
"剋","['kuk']"
"念","['nyem']"
"作","['cak']"
"聖","['syeG']"
"德","['tek']"
"建","['ken']"
"名","['myeG']"
"立","['nip']"
"形","['hyeG']"
"端","['tan']"
"表","['phyo']"
"正","['cyeG']"
"空","['kwoG']"
"谷","['kwok']"
"傳","['tyen']"
"聲","['syeG']"
"虛","['he']"
"堂","['taG']"
"習","['sup']"
"聽","['thyeG']"
"禍","['hwa']"
"因","['Gin']"
"惡","['Gak']"
"積","['cyek']"
"福","['pwok']"
"緣","['Gyen']"
"善","['syen']"
"慶","['kyeG']"
"尺","['chyek']"
"璧","['pyek']"
"非","['pi']"
"寶","['pwo']"
"寸","['chwon']"
"陰","['Gum']"
"是","['si']"
"競","['kyeG']"
"資","['co']"
"父","['pwu']"
"事","['so']"
"君","['kwun']"
"曰","['Gwal']"
"嚴","['Gem']"
"與","['Gye']"
"敬","['kyeG']"
"孝","['hyo']"
"當","['taG']"
"竭","['kal']"
"力","['nyek']"
"忠","['thyuG']"
"則","['cuk']"
"盡","['cin']"
"命","['myeG']"
"臨","['lim']"
"深","['sim']"
"履","['li']"
"薄","['pak']"
"夙","['syu']"
"興","['huG']"
"溫","['Gwon']"
"淸","['chyeG']"
"似","['so']"
"蘭","['nan']"
"斯","['so']"
"馨","['haG']"
"如","['Gye']"
"松","['syoG']"
"之","['ci']"
"盛","['syeG']"
"川","['chyen']"
"流","['lyu']"
"不","['pul']"
"息","['sik']"
"淵","['Gyen']"
"澄","['tiG']"
"取","['cyuy']"
"映","['GyeG']"
"容","['GwoG']"
"止","['ci']"
"若","['Gyak']"
"思","['so']"
"言","['Gen']"
"辭","['so']"
"安","['Gan']"
"定","['tyeG']"
"篤","['twok']"
"初","['chwo']"
"誠","['syeG']"
"美","['mi']"
"愼","['sin']"
"終","['cyoG']"
"宜","['Guy']"
"令","['lyeG']"
"榮","['GyeG']"
"業","['Gep']"
"所","['swo']"
"基","['kuy']"
"籍","['cyek']"
"甚","['sim']"
"無","['mwu']"
"竟","['kyeG']"
"學","['hoyk']"
"優","['Gwu']"
"登","['tuG']"
"仕","['so']"
"攝","['syep']"
"職","['cik']"
"從","['cyoG']"
"政","['cyeG']"
"存","['cwon']"
"以","['Gi']"
"甘","['kam']"
"棠","['taG']"
"去","['ke']"
"而","['Gi']"
"益","['Gik']"
"詠","['GyeG']"
"樂","['lak']"
"殊","['syu']"
"貴","['kwuy']"
"賤","['chyen']"
"禮","['lyey']"
"別","['pyel']"
"尊","['cwon']"
"卑","['pi']"
"上","['syaG']"
"和","['hwa']"
"下","['ha']"
"睦","['mwok']"
"夫","['pwu']"
"唱","['chyaG']"
"婦","['pwu']"
"隨","['syu']"
"外","['Gwoy']"
"受","['syu']"
"傅","['pwu']"
"訓","['hwun']"
"入","['Gip']"
"奉","['pwoG']"
"母","['mwo']"
"儀","['Guy']"
"諸","['cyey']"
"姑","['kwo']"
"伯","['poyk']"
"叔","['syuk']"
"猶","['Gyu']"
"子","['co']"
"比","['pi']"
"兒","['Go']"
"孔","['kwoG']"
"懷","['hwoy']"
"兄","['hyeG']"
"弟","['tyey']"
"同","['twoG']"
"氣","['skuy']"
"連","['lyen']"
"枝","['ci']"
"交","['kyo']"
"友","['Gwu']"
"投","['thwu']"
"分","['pwun']"
"切","['cyel']"
"磨","['ma']"
"箴","['com']"
"規","['kyu']"
"仁","['Gin']"
"慈","['co']"
"隱","['Gun']"
"惻","['chuk']"
"造","['cwo']"
"次","['cho']"
"弗","['pul']"
"離","['li']"
"節","['cyel']"
"義","['Guy']"
"廉","['lyem']"
"退","['thwoy']"
"顚","['tyen']"
"沛","['phay']"
"匪","['pi']"
"虧","['hyu']"
"性","['syeG']"
"靜","['cyeG']"
"情","['cyeG']"
"逸","['Gil']"
"心","['sim']"
"動","['twoG']"
"神","['sin']"
"疲","['phi']"
"守","['syu']"
"眞","['cin']"
"志","['ci']"
"滿","['man']"
"逐","['thyuk']"
"物","['mul']"
"意","['Guy']"
"移","['Gi']"
"堅","['kyen']"
"持","['sti']"
"雅","['Ga']"
"操","['cwo']"
"好","['hwo']"
"爵","['cyak']"
"自","['co']"
"縻","['mi']"
"都","['two']"
"邑","['Gup']"
"華","['hwa']"
"夏","['ha']"
"東","['twoG']"
"西","['sye']"
"二","['Gi']"
"京","['kyeG']"
"背","['poy']"
"邙","['maG']"
"面","['myen']"
"洛","['nak']"
"浮","['pwu']"
"渭","['Gwuy']"
"據","['ke']"
"涇","['kyeG']"
"宮","['kwuG']"
"殿","['tyen']"
"盤","['pan']"
"鬱","['Gwul']"
"樓","['lwu']"
"觀","['kwan']"
"飛","['pi']"
"驚","['kyeG']"
"圖","['two']"
"寫","['sya']"
"禽","['kum']"
"獸","['syu']"
"畵","['hwa']"
"綵","['choy']"
"仙","['syen']"
"靈","['lyeG']"
"丙","['pyeG']"
"舍","['sya']"
"傍","['paG']"
"啓","['kyey']"
"甲","['kap']"
"帳","['tyaG']"
"對","['toy']"
"楹","['GyeG']"
"肆","['so']"
"筵","['Gyen']"
"設","['syel']"
"席","['syek']"
"鼓","['kwo']"
"瑟","['sul']"
"吹","['chyuy']"
"笙","['soyG']"
"陞","['suG']"
"階","['kyey']"
"納","['nap']"
"陛","['phyey']"
"弁","['pyen']"
"轉","['tyen']"
"疑","['Guy']"
"星","['syeG']"
"右","['Gwu']"
"通","['thwoG']"
"廣","['kwaG']"
"內","['noy']"
"左","['cwa']"
"達","['tal']"
"丞","['suG']"
"明","['myeG']"
"旣","['kuy']"
"集","['cip']"
"墳","['pwun']"
"典","['tyen']"
"亦","['Gyek']"
"聚","['chyuy']"
"群","['kwun']"
"英","['GyeG']"
"杜","['twu']"
"藁","['kwo']"
"鍾","['cyoG']"
"隷","['Gyey']"
"漆","['chil']"
"書","['sye']"
"壁","['pyek']"
"經","['kyeG']"
"府","['pwu']"
"羅","['la']"
"將","['cyaG']"
"相","['syaG']"
"路","['lwo']"
"俠","['hyep']"
"槐","['kwoy']"
"卿","['kyeG']"
"戶","['hwo']"
"封","['pwoG']"
"八","['phal']"
"縣","['hyen']"
"家","['ka']"
"給","['kup']"
"千","['chyen']"
"兵","['pyeG']"
"高","['kwo']"
"冠","['kwan']"
"陪","['poy']"
"輦","['nyen']"
"驅","['kwu']"
"轂","['kwok']"
"振","['cin']"
"纓","['GyeG']"
"世","['syey']"
"祿","['nwok']"
"侈","['chi']"
"富","['pwu']"
"車","['chya']"
"駕","['ka']"
"肥","['pi']"
"輕","['kyeG']"
"策","['choyk']"
"功","['kwoG']"
"茂","['mwu']"
"實","['sil']"
"勒","['luk']"
"碑","['pi']"
"刻","['kok']"
"銘","['myeG']"
"磻","['pan']"
"溪","['kyey']"
"伊","['Gi']"
"尹","['Gyun']"
"佐","['cwa']"
"時","['si']"
"阿","['Ga']"
"衡","['hyeG']"
"奄","['Gem']"
"宅","['thoyk']"
"曲","['kwok']"
"阜","['pwu']"
"微","['mi']"
"旦","['tan']"
"孰","['syuk']"
"營","['GyeG']"
"桓","['hwan']"
"公","['kwoG']"
"匡","['kwaG']"
"合","['hap']"
"濟","['cyey']"
"弱","['Gyak']"
"扶","['pwu']"
"傾","['kyeG']"
"綺","['kuy']"
"廻","['hwoy']"
"漢","['han']"
"惠","['hyey']"
"說","['syel']"
"感","['kam']"
"武","['mwu']"
"丁","['tyeG']"
"俊","['cyun']"
"乂","['Gay']"
"密","['mil']"
"勿","['mul']"
"多","['ta']"
"士","['so']"
"寔","['sik']"
"寧","['lyeG']"
"晋","['cin']"
"楚","['chwo']"
"更","['koyG']"
"覇","['phay']"
"趙","['tyo']"
"魏","['Gwuy']"
"困","['kwon']"
"橫","['hwoyG']"
"假","['ka']"
"途","['two']"
"滅","['myel']"
"虢","['kwoyk']"
"踐","['chyen']"
"土","['thwo']"
"會","['hwoy']"
"盟","['moyG']"
"何","['ha']"
"遵","['cwun']"
"約","['Gyak']"
"法","['pep']"
"韓","['han']"
"弊","['phyey']"
"煩","['pen']"
"刑","['hyeG']"
"起","['kuy']"
"翦","['cyen']"
"頗","['pha']"
"牧","['muk']"
"用","['GyoG']"
"軍","['kwun']"
"最","['chwoy']"
"精","['cyeG']"
"宣","['syen']"
"威","['Gwuy']"
"沙","['sa']"
"漠","['mak']"
"馳","['thi']"
"譽","['Gyey']"
"丹","['tan']"
"靑","['chyeG']"
"九","['kwu']"
"州","['cyuy']"
"禹","['Gwu']"
"跡","['cyek']"
"百","['poyk']"
"郡","['kwun']"
"秦","['cin']"
"幷","['pyeG']"
"嶽","['Gak']"
"宗","['cwoG']"
"恒","['hoG']"
"岱","['toy']"
"禪","['syen']"
"主","['cyu']"
"云","['Gwun']"
"亭","['tyeG']"
"鴈","['Gan']"
"門","['mwun']"
"紫","['co']"
"塞","['soyk']"
"鷄","['kyey']"
"田","['tyen']"
"赤","['cyek']"
"城","['syeG']"
"昆","['kwon']"
"池","['ti']"
"碣","['kal']"
"石","['syek']"
"鉅","['ke']"
"野","['Gya']"
"洞","['twoG']"
"庭","['tyeG']"
"曠","['kwaG']"
"遠","['Gwen']"
"綿","['myen']"
"邈","['mak']"
"巖","['Gam']"
"岫","['syu']"
"杳","['myo']"
"冥","['myeG']"
"治","['thi']"
"本","['pwon']"
"於","['Ge']"
"農","['lwoG']"
"務","['mwu']"
"玆","['co']"
"稼","['ka']"
"穡","['soyk']"
"俶","['syuk']"
"載","['coy']"
"南","['nam']"
"畝","['myo']"
"我","['Ga']"
"藝","['Gyey']"
"黍","['sye']"
"稷","['cik']"
"稅","['syey']"
"熟","['syuk']"
"貢","['kwoG']"
"新","['sin']"
"勸","['kwen']"
"賞","['syaG']"
"黜","['thyul']"
"陟","['thyek']"
"孟","['moyG']"
"軻","['ka']"
"敦","['twon']"
"素","['swo']"
"史","['so']"
"魚","['Ge']"
"秉","['pyeG']"
"直","['tik']"
"庶","['sye']"
"幾","['kuy']"
"中","['tyuG']"
"庸","['GyoG']"
"勞","['lwo']"
"謙","['kyem']"
"謹","['kun']"
"勅","['thik']"
"聆","['lyeG']"
"音","['Gum']"
"察","['chal']"
"理","['li']"
"鑑","['kam']"
"貌","['mwo']"
"辨","['pyen']"
"色","['soyk']"
"貽","['Gi']"
"厥","['kwel']"
"嘉","['ka']"
"猷","['Gyu']"
"勉","['myen']"
"其","['ki']"
"祗","['ci']"
"植","['sik']"
"省","['soyG']"
"躬","['kwuG']"
"譏","['kuy']"
"誡","['kyey']"
"寵","['thyoG']"
"增","['cuG']"
"抗","['haG']"
"極","['kuk']"
"殆","['thoy']"
"辱","['Gyok']"
"近","['kun']"
"恥","['thi']"
"林","['lim']"
"睾","['kwo']"
"幸","['hoyG']"
"卽","['cuk']"
"兩","['nyaG']"
"疎","['swo']"
"見","['kyen']"
"機","['kuy']"
"解","['hoy']"
"組","['cwo']"
"誰","['syu']"
"逼","['phip']"
"索","['sak']"
"居","['ke']"
"閑","['han']"
"處","['chye']"
"沈","['thim']"
"黙","['muk']"
"寂","['cyek']"
"寥","['lyo']"
"求","['kwu']"
"古","['kwo']"
"尋","['sim']"
"論","['nwon']"
"散","['san']"
"慮","['lye']"
"逍","['syo']"
"遙","['Gyo']"
"欣","['hun']"
"奏","['cwu']"
"累","['lyu']"
"遣","['kyen']"
"戚","['chyek']"
"謝","['sya']"
"歡","['hwan']"
"招","['thyo']"
"渠","['ke']"
"荷","['ha']"
"的","['tyek']"
"歷","['lyek']"
"園","['Gwen']"
"莽","['maG']"
"抽","['tyu']"
"條","['tyo']"
"枇","['phi']"
"杷","['pha']"
"晩","['man']"
"翠","['chyuy']"
"梧","['Gwo']"
"桐","['twoG']"
"早","['cwo']"
"彫","['tyo']"
"陳","['tin']"
"根","['kun']"
"委","['Gwuy']"
"翳","['Gyey']"
"落","['lak']"
"葉","['Gyep']"
"飄","['phyo']"
"颻","['Gyo']"
"遊","['Gyu']"
"鵾","['kwon']"
"獨","['twok']"
"運","['Gwun']"
"凌","['luG']"
"摩","['ma']"
"絳","['kaG']"
"霄","['syo']"
"耽","['tham']"
"讀","['twok']"
"翫","['Gwan']"
"市","['si']"
"寓","['Gwu']"
"目","['mwok']"
"囊","['laG']"
"箱","['syaG']"
"易","['zyek']"
"輶","['Gyu']"
"攸","['Gyu']"
"畏","['Gwoy']"
"屬","['syok']"
"耳","['Gi']"
"垣","['Gwen']"
"墻","['cyaG']"
"具","['kwu']"
"膳","['syen']"
"飡","['chan']"
"飯","['pan']"
"適","['tyek']"
"口","['kwu']"
"充","['chyuG']"
"腸","['tyaG']"
"飽","['phwo']"
"飫","['Ge']"
"烹","['phoyG']"
"宰","['coy']"
"飢","['kuy']"
"厭","['Gyem']"
"糟","['cwo']"
"糠","['kyaG']"
"親","['chin']"
"戚","['chyek']"
"故","['kwo']"
"舊","['kwu']"
"老","['lwo']"
"少","['syo']"
"異","['Gi']"
"粮","['laG']"
"妾","['chyep']"
"御","['Ge']"
"紡","['paG']"
"績","['cyek']"
"侍","['si']"
"巾","['ken']"
"帷","['Gyu']"
"房","['paG']"
"紈","['hwan']"
"扇","['syen']"
"圓","['Gwen']"
"潔","['kyel']"
"銀","['Gun']"
"燭","['chyok']"
"煒","['hwuy']"
"煌","['hwaG']"
"晝","['tyu']"
"眠","['myen']"
"夕","['syek']"
"寐","['moy']"
"藍","['nam']"
"筍","['syun']"
"象","['syaG']"
"床","['saG']"
"絃","['hyen']"
"歌","['ka']"
"酒","['cyu']"
"讌","['Gyen']"
"接","['cyep']"
"杯","['poy']"
"擧","['ke']"
"觴","['syaG']"
"矯","['kyo']"
"手","['syu']"
"頓","['twon']"
"足","['cyok']"
"悅","['Gyel']"
"豫","['Gyey']"
"且","['chya']"
"康","['kaG']"
"嫡","['tyek']"
"後","['hwu']"
"嗣","['so']"
"續","['syok']"
"祭","['cyey']"
"祀","['so']"
"蒸","['cuG']"
"嘗","['syaG']"
"稽","['kyey']"
"顙","['saG']"
"再","['coy']"
"拜","['poy']"
"悚","['swok']"
"懼","['kwu']"
"恐","['kwoG']"
"惶","['hwaG']"
"牋","['cyen']"
"牒","['thyep']"
"簡","['kan']"
"要","['Gyo']"
"顧","['kwo']"
"答","['tap']"
"審","['sim']"
"詳","['syaG']"
"骸","['hoy']"
"垢","['kwu']"
"想","['syaG']"
"浴","['Gyok']"
"執","['cip']"
"熱","['Gyel']"
"願","['Gwen']"
"凉","['lyaG']"
"驢","['lye']"
"騾","['lwo']"
"犢","['twok']"
"特","['thuk']"
"駭","['hoy']"
"躍","['Gyak']"
"超","['thyo']"
"驤","['GyaG']"
"誅","['tyu']"
"斬","['cham']"
"賊","['cek']"
"盜","['two']"
"捕","['pwo']"
"獲","['hwoyk']"
"叛","['pan']"
"亡","['maG']"
"布","['phwo']"
"射","['sya']"
"遼","['lyo']"
"丸","['hwan']"
"嵆","['hoy']"
"琴","['kum']"
"阮","['Gwan']"
"嘯","['syo']"
"恬","['lyem']"
"筆","['phil']"
"倫","['lyun']"
"紙","['ci']"
"鈞","['kyun']"
"巧","['kyo']"
"任","['Gim']"
"釣","['tyo']"
"釋","['syek']"
"紛","['pwun']"
"利","['li']"
"俗","['syok']"
"並","['pyeG']"
"皆","['koy']"
"佳","['ka']"
"妙","['myo']"
"毛","['mwo']"
"施","['si']"
"淑","['syuk']"
"姿","['co']"
"工","['kwoG']"
"嚬","['piG']"
"姸","['Gyen']"
"笑","['syo']"
"年","['nyen']"
"矢","['si']"
"每","['moy']"
"催","['chwoy']"
"羲","['huy']"
"暉","['hwuy']"
"朗","['laG']"
"曜","['Gyo']"
"璇","['syen']"
"璣","['kuy']"
"懸","['hyen']"
"幹","['kan']"
"晦","['hwoy']"
"魄","['poyk']"
"環","['hwan']"
"照","['cyo']"
"指","['ci']"
"薪","['sin']"
"脩","['syu']"
"祐","['Gwu']"
"永","['GyeG']"
"綏","['Gyu']"
"吉","['kil']"
"邵","['syo']"
"矩","['kwu']"
"步","['pwo']"
"引","['Gin']"
"領","['lyeG']"
"俯","['pwu']"
"仰","['GaG']"
"廊","['naG']"
"廟","['myo']"
"束","['swok']"
"帶","['toy']"
"矜","['skuG']"
"莊","['cyaG']"
"徘","['poy']"
"佪","['hwoy']"
"瞻","['chyem']"
"眺","['two']"
"孤","['kwo']"
"陋","['lwu']"
"寡","['kwa']"
"聞","['mwun']"
"愚","['Gwu']"
"蒙","['mwoG']"
"等","['tuG']"
"誚","['chyo']"
"謂","['Gwuy']"
"語","['Ge']"
"助","['cwo']"
"者","['cya']"
"焉","['Gen']"
"哉","['coy']"
"乎","['hwo']"
"也","['Gya']"
"一","['Gil']"
"二","['Gi']"
"三","['sam']"
"四","['so']"
"五","['Gwo']"
"六","['nyuk']"
"七","['chil']"
"八","['phal']"
"九","['kwu']"
"十","['sip']"
"百","['poyk']"
"千","['chyen']"
"萬","['man']"
"億","['Gek']"
"能","['luG']"
"察","['chal']"
"字","['co']"
"畵","['hwoyk']"
"初","['chwo', 'chwo']"
"知","['ti']"
"筭","['san']"
"數","['swu']"
"可","['ka']"
"達","['tal']"
"天","['thyen']"
"覆","['pwu']"
"地","['ti']"
"載","['coy']"
"乾","['ken']"
"坤","['kwon']"
"分","['pwun']"
"位","['Gwuy']"
"東","['twoG']"
"西","['sye']"
"南","['nam', 'nam']"
"北","['puk', 'puk']"
"上","['syaG']"
"下","['ha']"
"中","['tyuG']"
"外","['Gwoy']"
"左","['cwa']"
"右","['Gwu']"
"前","['cyen']"
"後","['hwu']"
"邊","['pyen']"
"隅","['Gwu']"
"裏","['ni']"
"內","['noy']"
"日","['Gil']"
"月","['Gwel']"
"照","['cyo']"
"臨","['lim']"
"星","['syeG']"
"辰","['sin']"
"森","['som', 'som']"
"列","['nyel']"
"春","['chyun']"
"夏","['ha']"
"秋","['chyu']"
"冬","['twoG']"
"溫","['Gwon']"
"凉","['laG']"
"寒","['han']"
"熱","['Gyel']"
"輪","['lyun']"
"轉","['tyen']"
"環","['hwan']"
"廻","['hwoy']"
"次","['cho', 'cho']"
"第","['tyey']"
"時","['si']"
"節","['cyel']"
"晝","['tyu']"
"夜","['Gya']"
"朝","['tyo']"
"夕","['syek']"
"曉","['hyo']"
"宵","['syo']"
"翌","['Gik']"
"昨","['cak']"
"旦","['tan', 'tyo']"
"暮","['mwo']"
"晨","['sin']"
"昏","['hwon']"
"旬","['syun']"
"望","['maG', 'maG']"
"晦","['hwoy']"
"朔","['sak']"
"晴","['chyeG']"
"曀","['Gyey']"
"明","['myeG']"
"暗","['Gam']"
"交","['kyo']"
"宣","['syen']"
"迭","['til']"
"作","['cak']"
"風","['phwuG']"
"雨","['Gwu']"
"霜","['saG']"
"露","['lwo']"
"冰","['piG']"
"雪","['syel']"
"霰","['syen']"
"雹","['pak']"
"煙","['Gyen']"
"霞","['ha']"
"雲","['Gwun']"
"霧","['mwu']"
"雷","['lwoy']"
"電","['tyen']"
"霹","['pyek']"
"靂","['lyek']"
"虹","['hwoG']"
"霓","['Gyey']"
"霖","['lim']"
"旱","['han']"
"氣","['kuy']"
"候","['hwu']"
"改","['koy']"
"易","['Gyek', 'Gi']"
"陰","['Gum']"
"陽","['GyaG']"
"相","['syaG']"
"代","['toy']"
"歲","['syey']"
"年","['nyen']"
"成","['syeG']"
"歷","['lyek']"
"靑","['chyeG']"
"黃","['hwaG']"
"赤","['cyek']"
"白","['poyk']"
"碧","['pyek']"
"綠","['lwok']"
"玄","['hyen']"
"黑","['huk']"
"朱","['cyu']"
"翠","['chyuy']"
"紅","['hwoG']"
"紫","['co']"
"輝","['hwuy']"
"映","['GyeG']"
"衆","['cyuG']"
"色","['soyk']"
"山","['san']"
"川","['chyen']"
"溪","['kyey']"
"澗","['kan']"
"峯","['pwoG']"
"巒","['man']"
"丘","['kwu']"
"岸","['Gan']"
"巖","['Gam']"
"樹","['syu']"
"林","['lim']"
"泉","['chyen']"
"洞","['twoG']"
"谷","['kwok']"
"池","['ti']"
"淵","['Gyen']"
"郊","['kyo']"
"野","['Gya']"
"澤","['thoyk']"
"藪","['swu']"
"田","['tyen']"
"原","['Gwen']"
"畦","['kyu']"
"畝","['mwo', 'mwo']"
"水","['syu']"
"火","['hwa']"
"灰","['hwoy']"
"塵","['tin']"
"沙","['sa']"
"石","['syek']"
"泥","['ni']"
"土","['thwo']"
"海","['hoy']"
"島","['two']"
"江","['kaG']"
"湖","['hwo']"
"汀","['tyeG']"
"洲","['cyu']"
"渚","['cye']"
"浦","['pwo']"
"潮","['tyo']"
"浪","['laG']"
"波","['pha']"
"濤","['two']"
"連","['lyen']"
"接","['cyep']"
"縹","['phyo', 'phyo']"
"緲","['myo', 'myo']"
"草","['chwo']"
"木","['mwok']"
"鳥","['tyo']"
"獸","['syu']"
"各","['kak']"
"有","['Gyu']"
"名","['myeG']"
"號","['hwo']"
"芝","['ci']"
"蘭","['nan']"
"萱","['hwen']"
"菊","['kwuk']"
"薯","['sye']"
"藇","['Gye']"
"苜","['mwok']"
"蓿","['syuk']"
"牡","['mwo', 'mwo']"
"丹","['tan', 'tan']"
"芍","['cyak']"
"藥","['Gyak', 'Gyak']"
"薔","['cyaG']"
"薇","['mi']"
"躅","['thyok']"
"躑","['thyek']"
"芭","['pha']"
"蕉","['chyo']"
"菖","['chyaG']"
"蒲","['phwo', 'phwo']"
"篁","['hwaG']"
"竹","['tyuk']"
"葦","['Gwuy']"
"蘆","['lwo']"
"蓮","['nyen']"
"荷","['ha', 'ha']"
"蘋","['pin']"
"藻","['cwo']"
"藤","['tuG']"
"葛","['kal']"
"藍","['nam']"
"蓼","['lyo']"
"蔘","['som', 'som']"
"朮","['thyul']"
"苔","['thoy']"
"蘚","['syen']"
"蓬","['pwoG', 'pwoG']"
"艾","['Gay']"
"藜","['lye']"
"莧","['hyen']"
"根","['kun']"
"荄","['hoy']"
"幹","['kan']"
"莖","['koyG']"
"花","['hwa']"
"葉","['Gyep']"
"蕃","['pen']"
"榮","['GyeG']"
"松","['syoG']"
"栢","['poyk']"
"椿","['chyun']"
"桂","['kyey']"
"楓","['phwuG']"
"桑","['saG']"
"槐","['hwoy']"
"檜","['hwoy']"
"楸","['chyu']"
"椴","['tan']"
"楩","['phyen']"
"楠","['nam']"
"楮","['tye']"
"柘","['cya']"
"檀","['tan', 'tan']"
"杉","['sam']"
"梧","['Gwo']"
"桐","['twoG']"
"楊","['GyaG']"
"柳","['lyu']"
"材","['coy']"
"用","['GyoG']"
"備","['pi']"
"具","['kwu']"
"梅","['moy', 'moy']"
"梨","['li']"
"榴","['nyu']"
"栗","['nyul']"
"桃","['two']"
"李","['ni']"
"柑","['kam']"
"橘","['kyul']"
"櫻","['GoyG']"
"杏","['hoyG']"
"柰","['nay']"
"柿","['si']"
"椒","['chyo']"
"榛","['cin']"
"棗","['cwo']"
"榧","['pi']"
"著","['thyak', 'tye']"
"子","['co']"
"甘","['kam']"
"酸","['san']"
"果","['kwa']"
"實","['sil']"
"多","['ta']"
"般","['pan']"
"稻","['two']"
"黍","['sye']"
"稷","['cik']"
"粟","['swok']"
"麰","['mwo']"
"麥","['moyk']"
"豆","['twu']"
"菽","['syuk']"
"苗","['myo']"
"抽","['thyu']"
"穗","['syu']"
"熟","['syuk']"
"謂","['Gwuy']"
"之","['ci']"
"禾","['hwa']"
"穀","['kwok']"
"薑","['kaG']"
"芋","['Gwu']"
"葱","['chwoG']"
"薤","['hoy']"
"葵","['kyu']"
"蔔","['pwok']"
"菁","['chyeG']"
"芥","['kay']"
"柔","['Gyu']"
"蕨","['kwel']"
"嫩","['nwon']"
"笋","['syun']"
"香","['hyaG']"
"蔬","['swo']"
"豊","['phwuG']"
"菌","['kyun']"
"茄","['ka']"
"瓜","['kwa']"
"芹","['kun']"
"蓴","['syun']"
"菜","['choy']"
"食","['sik', 'so']"
"芳","['paG']"
"新","['sin']"
"鳳","['pwoG']"
"凰","['hwaG']"
"鸞","['nan']"
"鵠","['kwok']"
"鷗","['kwu']"
"鷺","['lwo']"
"鸛","['kwan']"
"鶴","['hak']"
"鴻","['hwoG']"
"鴈","['Gan']"
"鸂","['kyey']"
"鶒","['thik']"
"鳩","['kwu']"
"鸎","['GoyG']"
"烏","['Gwo']"
"鵲","['cyak']"
"鸚","['GoyG']"
"鵡","['mwu']"
"鴛","['Gwen']"
"鴦","['GaG']"
"鵝","['Ga']"
"鴨","['Gap']"
"鵰","['tyo']"
"鶚","['Gak']"
"鷹","['GuG']"
"鶻","['kwol']"
"鸇","['cyen']"
"鷁","['Goyk']"
"雞","['kyey']"
"雉","['thi']"
"燕","['Gyen']"
"雀","['cyak']"
"鵑","['kyen']"
"蝠","['pwok']"
"鴟","['chi']"
"鴞","['hyo']"
"鵂","['hyu']"
"鶹","['lyu']"
"鷦","['chyo']"
"鷯","['lyo']"
"巢","['swo']"
"栖","['sye']"
"雛","['chwu']"
"卵","['lan']"
"雄","['GwuG']"
"雌","['co']"
"孕","['GiG']"
"産","['san']"
"翼","['Gik']"
"飛","['pi']"
"觜","['chᆐ']"
"啄","['thak']"
"肆","['so', 'so']"
"稱","['chiG']"
"羽","['Gwu']"
"族","['cwok']"
"麒","['kuy']"
"麟","['lin']"
"熊","['GwuG']"
"羆","['pi']"
"虎","['hwo']"
"豹","['phyo']"
"獺","['tal']"
"犀","['sye']"
"猿","['Gwen']"
"猴","['hwu']"
"鹿","['nwok']"
"麞","['cyaG']"
"狐","['hwo']"
"免","['thwo']"
"豺","['suy']"
"狼","['laG']"
"牛","['Gwu']"
"馬","['ma']"
"槖","['thak', 'pak']"
"駝","['tha']"
"駒","['kwu']"
"犢","['twok']"
"驢","['lye']"
"騾","['la']"
"羔","['kwo']"
"羊","['GyaG']"
"豬","['tye']"
"羖","['kwo']"
"犬","['kyen']"
"狗","['kwu']"
"猫","['myo']"
"鼠","['sye']"
"蹄","['tyey']"
"爪","['cwo']"
"角","['kak']"
"尾","['mi']"
"受","['syu']"
"生","['soyG']"
"區","['kwu']"
"異","['Gi']"
"鳴","['myeG']"
"吠","['phyey']"
"馳","['thi']"
"奔","['pwun']"
"亦","['Gyek']"
"曰","['Gwal']"
"毛","['mwo']"
"群","['kwun']"
"龍","['lyoG']"
"龜","['kwuy']"
"魚","['Ge']"
"蟹","['hoy']"
"蚌","['paG']"
"蛤","['hap']"
"螺","['la']"
"貝","['phay']"
"鯨","['kyeG']"
"鯢","['Gyey']"
"鱣","['cyen']"
"鮪","['Gyu']"
"鼉","['tha']"
"鼈","['pyel']"
"鱸","['lwo']"
"鯉","['li']"
"腥","['syeG']"
"鱗","['lin']"
"怪","['kwoy']"
"狀","['saG']"
"怕","['pha']"
"逃","['two']"
"鉤","['kwu']"
"網","['maG']"
"蜂","['pwoG']"
"蟻","['Guy']"
"蟬","['syen']"
"螢","['hyeG']"
"蝴","['hwo']"
"蝶","['tyep']"
"蜻","['chyeG']"
"蜓","['tyeG']"
"蛇","['sya']"
"蚓","['Gin']"
"蟾","['syem']"
"蛙","['Gwa']"
"蝌","['kwa']"
"蚪","['twu']"
"蝦","['ha', 'ha']"
"蟆","['ma']"
"蠶","['com']"
"蛾","['Ga']"
"蚇","['chyek']"
"蠖","['hwak']"
"蜘","['ti']"
"蛛","['tyu']"
"蟋","['sil']"
"蟀","['swol']"
"蚊","['mwun']"
"蠅","['suG']"
"蝸","['Gwa']"
"蛭","['til']"
"蛆","['cye']"
"蚤","['cwo']"
"蟣","['kuy']"
"蝨","['sul']"
"稟","['phwum']"
"質","['cil']"
"蠢","['cyun']"
"蚑","['ki']"
"乃","['nay']"
"是","['si', 'si']"
"蟲","['thyuG']"
"豸","['thi']"
"於","['Ge']"
"諸","['cyey']"
"庶","['sye']"
"倫","['lyun']"
"主","['cyu']"
"張","['tyaG']"
"唯","['Gyu']"
"人","['Gin']"
"國","['kwuk']"
"家","['ka']"
"君","['kwun']"
"臣","['sin']"
"公","['kwoG', 'kwoG']"
"卿","['kyeG']"
"士","['so', 'so']"
"民","['min']"
"男","['nam']"
"女","['nye']"
"老","['lwo']"
"幼","['Gyu']"
"兒","['zo']"
"童","['twoG']"
"翁","['GwoG']"
"叟","['swu']"
"賓","['pin']"
"客","['koyk']"
"使","['si', 'so']"
"宦","['hwan', 'hwan']"
"朋","['puG']"
"友","['Gwu']"
"師","['so']"
"傅","['pwu']"
"儒","['Gyu']"
"胥","['sye', 'sye']"
"巫","['mwu']"
"醫","['Guy']"
"等","['tuG']"
"別","['pyel']"
"尊","['cwon']"
"卑","['pi']"
"宮","['kwuG']"
"殿","['tyen']"
"闕","['kwel']"
"宇","['Gwu']"
"宸","['sin']"
"厦","['ha']"
"衙","['Ga']"
"府","['pwu']"
"官","['kwan']"
"司","['so']"
"庠","['syaG']"
"序","['sye', 'sye']"
"倉","['chaG']"
"廩","['lum']"
"庾","['Gyu']"
"庫","['kwo']"
"神","['sin']"
"祠","['so']"
"僧","['suG']"
"寺","['so', 'si']"
"道","['two']"
"路","['lwo']"
"城","['syeG']"
"市","['si']"
"橋","['kyo']"
"梯","['tyey']"
"溝","['kwu']"
"渠","['ke']"
"閭","['lye']"
"井","['cyeG']"
"隣","['nin']"
"里","['li']"
"京","['kyeG']"
"牧","['mwok']"
"州","['cyu']"
"縣","['hyen']"
"村","['chwon']"
"驛","['Gyek']"
"館","['kwan']"
"院","['Gwen']"
"舟","['cyu']"
"船","['syen']"
"帆","['pem']"
"楫","['cwup']"
"貢","['kwoG']"
"稅","['syey']"
"叢","['chwoG']"
"集","['cip']"
"此","['cho']"
"其","['ki', 'ki']"
"古","['kwo']"
"今","['kum']"
"帝","['tyey']"
"王","['GwaG']"
"都","['two']"
"邑","['Gup']"
"父","['pwu']"
"母","['mwo']"
"兄","['hyeG']"
"弟","['tyey']"
"夫","['pwu']"
"妻","['chye']"
"姊","['co']"
"妹","['moy']"
"祖","['cwo']"
"孫","['swon']"
"叔","['syuk']"
"姪","['til']"
"舅","['kwu', 'kwu']"
"姑","['kwo', 'kwo']"
"婦","['pwu', 'pwu']"
"壻","['sye']"
"奴","['nwo']"
"婢","['pi']"
"妾","['chyep']"
"僕","['pwok']"
"皆","['koy']"
"吾","['Gwo']"
"眷","['kwe']"
"屬","['syok', 'chyok']"
"頭","['twu']"
"頂","['tyeG']"
"首","['syu']"
"額","['Goyk']"
"眉","['mi']"
"眼","['Gan']"
"耳","['Gi']"
"目","['mwok']"
"顔","['Gan']"
"面","['myen']"
"口","['kwu']"
"鼻","['pi']"
"咽","['Gyen', 'Gyel']"
"喉","['hwu']"
"齒","['chi']"
"舌","['syel']"
"鬢","['pin']"
"髮","['pal']"
"腮","['suy']"
"頤","['Gi']"
"手","['syu']"
"掌","['cyaG']"
"拳","['kwen']"
"指","['ci']"
"脣","['syun']"
"頷","['ham']"
"鬚","['syu']"
"髥","['Gyem']"
"項","['haG']"
"背","['poy']"
"肩","['kyen']"
"臂","['pi']"
"膺","['GuG']"
"腋","['Goyk']"
"股","['kwo']"
"肱","['kwoG']"
"肘","['tyu']"
"腕","['Gwan']"
"腦","['nwo']"
"髓","['syu']"
"乳","['Gyu']"
"臍","['cyey']"
"腰","['Gyo']"
"腹","['pwok']"
"臀","['twun']"
"膝","['sul']"
"脚","['kak']"
"足","['cyok']"
"肌","['kuy']"
"膚","['pwu']"
"筋","['kun']"
"骨","['kwol']"
"腎","['sin']"
"膽","['tam']"
"血","['hyel']"
"脉","['moyk']"
"肝","['kan']"
"肺","['phyey']"
"脾","['pi']"
"胃","['Gwuy']"
"臟","['caG']"
"腸","['tyaG']"
"黶","['Gyem']"
"痣","['ci']"
"汗","['han']"
"涎","['Gyen']"
"淚","['nyu']"
"涕","['thyey']"
"斯","['so']"
"我","['Ga']"
"身","['sin']"
"體","['thyey']"
"廳","['thyeG']"
"房","['paG']"
"樓","['lwu']"
"閣","['kak']"
"臺","['toy']"
"室","['sil']"
"亭","['tyeG']"
"幕","['mak']"
"茅","['mwo']"
"舍","['sya']"
"瓦","['Gwa']"
"宅","['thoyk']"
"板","['phan']"
"扉","['pi']"
"粉","['pwun']"
"壁","['pyek']"
"棟","['twoG']"
"緣","['Gyen']"
"梁","['lyaG']"
"柱","['tyu']"
"軒","['hen']"
"檻","['ham']"
"窓","['chaG']"
"戶","['hwo']"
"簷","['chyem']"
"甍","['moyG']"
"牖","['Gyu']"
"樞","['chyu']"
"堂","['taG']"
"閤","['hap']"
"屋","['Gwok']"
"廬","['nye']"
"門","['mwun']"
"庭","['tyeG']"
"階","['kyey']"
"砌","['chwey']"
"廚","['tyu']"
"竈","['cwo']"
"廐","['kwu']"
"廁","['cho', 'chuy']"
"墻","['cyaG']"
"籬","['li']"
"砧","['thim']"
"杵","['cye']"
"總","['chwoG']"
"爲","['Gwuy']"
"居","['ke']"
"處","['chye']"
"茵","['Gin']"
"簟","['tyem']"
"席","['syek']"
"褥","['Gyok']"
"簾","['lyem']"
"帳","['tyaG']"
"屛","['pyeG']"
"簇","['cwok']"
"床","['saG']"
"架","['ka']"
"杖","['tyaG']"
"屐","['kuk']"
"几","['kwey']"
"案","['Gan']"
"燈","['tuG']"
"燭","['chyok']"
"琴","['kum']"
"瑟","['sul']"
"琵","['pi']"
"琶","['pha']"
"笙","['soyG']"
"笛","['tyek']"
"棊","['kuy']"
"局","['kwuk']"
"梳","['swo']"
"鏡","['kyeG']"
"枕","['chim']"
"扇","['syen']"
"紙","['ci']"
"墨","['muk']"
"筆","['phil']"
"硯","['Gyen']"
"文","['mwun']"
"書","['sye']"
"冊","['choyk']"
"卷","['kwen', 'kwen']"
"例","['nyey']"
"在","['coy']"
"顧","['kwo']"
"眄","['myen']"
"金","['kum']"
"銀","['Gun']"
"銅","['twoG']"
"錫","['syek']"
"珠","['cyu']"
"玉","['Gwok']"
"圭","['kyu']"
"璧","['pyek']"
"錦","['kum']"
"繡","['syu']"
"綾","['luG']"
"羅","['la', 'la']"
"紬","['tyu']"
"絹","['kyen']"
"綃","['chyo']"
"紗","['sa']"
"錢","['cyen']"
"幣","['phyey']"
"珍","['tin']"
"寶","['pwo']"
"匹","['phil']"
"帛","['poyk']"
"美","['mi']"
"好","['hwo']"
"苧","['tye']"
"麻","['ma']"
"布","['phwo']"
"綿","['myen']"
"皮","['phi']"
"革","['hyek']"
"絲","['so']"
"氈","['cyen']"
"脂","['ci']"
"蠟","['nap']"
"油","['Gyu']"
"蜜","['mil']"
"麴","['kwuk']"
"糱","['Gel']"
"膠","['kyo']"
"漆","['chil']"
"米","['mi']"
"麪","['myen']"
"糧","['lyaG']"
"料","['nyo', 'nyo']"
"豈","['kuy']"
"非","['pi']"
"切","['cyel']"
"要","['Gyo']"
"鉢","['pal']"
"觴","['syaG']"
"杯","['poy']"
"椀","['Gwan']"
"匙","['si']"
"筯","['tye']"
"盤","['pan']"
"盞","['can']"
"樽","['cwun']"
"壺","['hwo']"
"缸","['haG']"
"甕","['GwoG']"
"甁","['pyeG']"
"盆","['pwun']"
"槽","['cwo']"
"桶","['thwoG']"
"鼎","['tyeG']"
"鑊","['hwak']"
"甑","['cuG']"
"釜","['pwu']"
"斛","['kwok']"
"衡","['hyeG']"
"升","['suG']"
"斗","['twu']"
"瓢","['phyo']"
"蓰","['so']"
"機","['kuy']"
"埈","['sa']"
"炭","['than']"
"爐","['lwo']"
"鐵","['thyel']"
"臼","['kwu']"
"籠","['lwoG']"
"函","['ham']"
"欌","['caG']"
"櫃","['kwey']"
"箕","['kuy']"
"筐","['kwaG']"
"箱","['syaG']"
"笥","['so']"
"斧","['pwu']"
"鎌","['kyem']"
"鋸","['ke']"
"鑿","['chak']"
"錐","['chyu']"
"鍼","['chim']"
"刀","['two']"
"尺","['chyek']"
"弓","['kwuG']"
"箭","['cyen']"
"劍","['kem[]']"
"矢","['si']"
"鋤","['se']"
"鍤","['sap']"
"耒","['lwoy']"
"耜","['so']"
"規","['kyu']"
"矩","['kwu']"
"準","['cyun']"
"繩","['suG']"
"綜","['cwoG']"
"縷","['lwu']"
"經","['kyeG']"
"緯","['Gwuy']"
"車","['ke', 'chya']"
"輿","['Gye']"
"盾","['syun']"
"棹","['two']"
"旌","['cyeG']"
"鉞","['Gwel']"
"蓋","['kay', 'kay']"
"纛","['two']"
"甲","['kap']"
"冑","['tyu']"
"戈","['kwa']"
"戟","['kuk']"
"旗","['kuy']"
"旄","['mwo']"
"麾","['hwuy']"
"幟","['chi']"
"鍾","['cyoG']"
"鼓","['kwo']"
"鉦","['cyeG']"
"磬","['kyeG']"
"凡","['pem']"
"云","['Gwun']"
"械","['kyey']"
"器","['kuy']"
"飯","['pan']"
"粥","['cyuk']"
"酒","['cyu']"
"漿","['cyaG']"
"膾","['hwoy']"
"炙","['cyek']"
"餠","['pyeG']"
"糖","['taG']"
"肉","['Gyuk']"
"羹","['koyG']"
"醎","['ham']"
"鹽","['Gyem']"
"菹","['cye']"
"醢","['hoy']"
"醋","['cwo', 'cwo']"
"醬","['cyaG']"
"炊","['chyu']"
"蒸","['cuG']"
"烹","['phoyG']"
"釀","['GyaG']"
"排","['poy']"
"設","['syel']"
"供","['kwoG']"
"養","['GyaG']"
"饌","['chan']"
"膳","['syen']"
"旣","['kuy']"
"嘉","['ka']"
"茶","['ta']"
"湯","['thaG']"
"兼","['kyem']"
"餉","['hyaG']"
"冠","['kwan']"
"冕","['myen']"
"袞","['kwon']"
"衫","['sam']"
"衣","['Guy']"
"裘","['kwu']"
"袍","['phwo']"
"衾","['kum']"
"簪","['com']"
"纓","['GyeG']"
"巾","['ken']"
"幘","['cyek']"
"珥","['Gi']"
"璫","['taG']"
"芾","['pul']"
"幅","['pwok', 'pwok']"
"襦","['Gyu']"
"襖","['Gwo']"
"紐","['lyu']"
"裳","['syaG']"
"裙","['kwun']"
"袴","['kwo']"
"裩","['kwon']"
"襠","['taG']"
"紳","['sin']"
"帶","['toy']"
"帽","['mwo', 'mwo']"
"笠","['nip']"
"韈","['mal']"
"鞵","['hye']"
"鞾","['hwa']"
"靸","['sap']"
"印","['Gin']"
"笏","['hwol']"
"組","['cwo']"
"璜","['hwaG']"
"鞍","['Gan']"
"轡","['pi']"
"袋","['toy']"
"囊","['naG']"
"鞘","['chyo']"
"鞭","['phyen']"
"釧","['chyen']"
"釵","['cha']"
"服","['pwok']"
"飾","['sik']"
"光","['kwaG']"
"華","['hwa']"
"容","['GyoG']"
"貌","['mwo']"
"心","['sim', 'sim']"
"行","['hoyG', 'hoyG']"
"志","['ci']"
"意","['Guy']"
"情","['cyeG']"
"性","['syeG']"
"聲","['syeG']"
"音","['Gum']"
"韻","['Gwun']"
"響","['hyaG']"
"蹤","['cyoG']"
"跡迹","['cyek']"
"形","['hyeG']"
"影","['GyeG']"
"才","['coy']"
"德","['tek']"
"智","['ti']"
"勇","['GyoG']"
"禮","['nyey']"
"義","['Guy']"
"孝","['hyo']"
"敬","['kyeG', 'kyeG']"
"語","['Ge']"
"言","['Gen']"
"談","['tam']"
"說","['syel', 'syey']"
"見","['kyen']"
"聞","['mwun']"
"視","['si']"
"聽","['thyeG']"
"職","['cik']"
"銜","['ham']"
"姓","['syeG']"
"氏","['si']"
"福","['pwok']"
"祿","['lwok']"
"壽","['syu']"
"命","['myeG', 'myeG']"
"賢","['hyen']"
"愚","['Gwu']"
"善","['syen']"
"惡","['Gak', 'Gwo']"
"肥","['pi']"
"瘦","['swu']"
"强","['kaG', 'kaG']"
"弱","['Gyak']"
"聖","['syeG']"
"庸","['GyoG']"
"剛","['kaG']"
"懦","['la']"
"忠","['thyuG']"
"邪","['sya']"
"仁","['Gin']"
"虐","['hak']"
"富","['pwu']"
"貴","['kwuy']"
"貧","['pin']"
"賤","['chyen']"
"奢","['sya']"
"侈","['chi']"
"儉","['kem']"
"朴","['pak']"
"愛","['Goy']"
"憎","['cuG']"
"恩","['Gun']"
"怨","['Gwen']"
"喜","['huy']"
"怒","['lwo']"
"憂","['Gwu']"
"樂","['lak', 'Gak']"
"謹","['kun']"
"放","['paG']"
"愼","['sin']"
"忽","['hwol', 'hwol']"
"慈","['co']"
"暴","['phwo', 'phwo']"
"貞","['tyeG']"
"黷","['twok']"
"虔","['ken']"
"恭","['kwoG']"
"莊","['cyaG']"
"肅","['syuk']"
"驕","['kyo']"
"慢","['man', 'man']"
"吝","['lin']"
"嗇","['soyk']"
"寬","['kwan']"
"弘","['hwoG']"
"武","['mwu']"
"毅","['Guy']"
"愿","['Gwen']"
"信","['sin', 'sin']"
"詐","['sa']"
"慝","['thuk']"
"英","['GyeG']"
"邁","['may']"
"癡","['thi']"
"騃","['Goy']"
"貪","['tham']"
"猾","['hwal']"
"廉","['lyem']"
"約","['Gyak', 'Gyak']"
"克","['kuk']"
"己","['kuy']"
"循","['syun']"
"理","['li']"
"徇","['syun']"
"私","['so']"
"縱","['cyoG']"
"欲","['Gyok', 'Gyok']"
"靜","['cyeG']"
"躁","['cwo']"
"巧","['kyo']"
"拙","['cwol']"
"敏","['min']"
"鈍","['twun']"
"博","['pak']"
"陋","['lwu']"
"潛","['com']"
"縝","['tin']"
"精","['cyeG']"
"究","['kwu']"
"覺","['kak']"
"悟","['Gwo']"
"盡","['cin']"
"透","['thwu']"
"良","['lyaG']"
"彦","['Gen']"
"姦","['kan']"
"譎","['hyul']"
"倜","['tyek']"
"儻","['taG']"
"駑","['lwo']"
"劣","['nyel']"
"坐","['cwa']"
"臥","['Gwa']"
"起","['kuy']"
"立","['lip']"
"進","['cin']"
"退","['thwoy']"
"出","['chyul']"
"入","['Gip']"
"登","['tuG']"
"降","['kaG', 'haG']"
"俯","['pwu']"
"仰","['GaG']"
"跪","['kwey']"
"伏","['pwok']"
"拜","['poy']"
"揖","['Gup']"
"走","['cwu']"
"步","['pwo']"
"追","['thyu']"
"逐","['thyuk']"
"超","['thyo']"
"騰","['tuG']"
"踐","['chyen']"
"蹋","['tap']"
"歌","['ka']"
"舞","['mwu']"
"嘯","['syo']"
"詠","['GyeG']"
"悲","['pi']"
"哀","['Goy']"
"啼","['tyey']"
"泣","['Gup']"
"睡","['syu']"
"眠","['myen']"
"夢","['mwoG']"
"寐","['moy']"
"喫","['kik']"
"飮","['Gum', 'Gim']"
"嚼","['cyak']"
"吸","['hup']"
"呼","['hwo', 'hwo']"
"唱","['chyaG']"
"喚","['hwan']"
"召","['syo']"
"吹","['chyuy']"
"噓","['he']"
"呑","['thon']"
"吐","['thwo']"
"彼","['phi']"
"余","['Gye']"
"自","['co']"
"他","['tha']"
"爾","['Gi']"
"汝","['Gye']"
"誰","['syu']"
"某","['mwo']"
"閑","['han', 'han']"
"忙","['maG']"
"勞","['lwo']"
"逸","['Gil']"
"醉","['chyuy']"
"醒","['syeG']"
"飢","['kuy']"
"飽","['phwo']"
"喧","['hwen']"
"笑","['syo']"
"宴","['Gyen']"
"游","['Gyu']"
"射","['sya', 'syek']"
"獵","['nyep']"
"漁","['Ge']"
"釣","['tyo']"
"耕","['kyeG']"
"種","['cyoG', 'cyoG']"
"耘","['Gwun']"
"耔","['co']"
"刈","['Gay']"
"束","['swok']"
"舂","['GyoG']"
"擣","['two']"
"陶","['two']"
"鑄","['cwu']"
"織","['cik']"
"紝","['Gim']"
"裁","['coy']"
"縫","['pwoG']"
"澣","['han', 'Gwan']"
"曝","['phwo', 'phwok']"
"齎","['cyey']"
"持","['ti']"
"歸","['kwuy', 'kwuy']"
"返","['pan']"
"率","['swol']"
"至","['ci']"
"領","['lyeG']"
"到","['two']"
"沐","['mwok']"
"浴","['Gyok']"
"盥","['kwan']"
"濯","['thak']"
"彈","['than']"
"拂","['pul']"
"灑","['sway']"
"掃","['swo']"
"學","['hok']"
"習","['sup']"
"讀","['twok']"
"誦","['syoG']"
"敎","['kyo']"
"誨","['hwoy']"
"講","['kaG']"
"導","['two']"
"擇","['thoyk']"
"術","['syul', 'syul']"
"啓","['kyey', 'kyey']"
"沃","['Gwok']"
"展","['tyen']"
"蘊","['Gwon']"
"匡","['kwaG']"
"輔","['pwo']"
"勤","['kun']"
"懇","['kon']"
"疏","['swo', 'swo']"
"奏","['cwu']"
"欽","['hum']"
"承","['suG']"
"廟","['myo']"
"社","['sya']"
"澄","['tiG', 'tiG']"
"朗","['laG']"
"壼","['kwon']"
"廊","['laG']"
"抖","['twu', 'twu']"
"擻","['swu', 'swu']"
"紀","['kuy']"
"綱","['kaG']"
"辭","['so']"
"令","['lyeG', 'lyeG']"
"必","['phil', 'phil']"
"當","['taG']"
"柄","['pyeG']"
"任","['Gim', 'Gim']"
"罔","['maG', 'maG']"
"爽","['saG', 'saG']"
"優","['Gwu', 'Gwu']"
"隆","['lyuG']"
"耆","['ki']"
"耈","['kwu']"
"摩","['ma']"
"哺","['pwo']"
"嬰","['GyeG']"
"孺","['Gyu']"
"賑","['cin']"
"活","['hwal']"
"死","['so']"
"傷","['syaG']"
"恕","['sye']"
"宥","['Gyu']"
"罹","['li']"
"殃","['GaG']"
"慶","['kyeG']"
"賞","['syaG']"
"刑","['hyeG']"
"罰","['pel']"
"整","['cyeG']"
"治","['thi', 'thi']"
"政","['cyeG']"
"務","['mwu']"
"選","['syen']"
"吏","['ni', 'ni']"
"宰","['coy']"
"郡","['kwun']"
"揀","['kan']"
"將","['cyaG', 'caG']"
"殺","['sal']"
"寇","['kwu']"
"鎭","['tin']"
"定","['tyeG']"
"防","['paG']"
"禦","['Ge']"
"營","['GyeG']"
"築","['thyuk']"
"創","['chaG']"
"構","['kwu']"
"拯","['cuG']"
"濟","['cyey', 'cyey']"
"救","['kwu']"
"拔","['pal']"
"扶","['pwu']"
"掖","['Goyk']"
"佐","['cwa']"
"助","['cwo']"
"驚","['kyeG']"
"感","['kam']"
"嗟","['cha']"
"嘆","['than']"
"思","['so', 'so']"
"想","['syaG']"
"戀","['lyen']"
"慕","['mwo']"
"惠","['hyey']"
"貺","['hwaG']"
"償","['syaG']"
"報","['pwo']"
"疾","['cil']"
"病","['pyeG']"
"痊","['cyen']"
"愈","['Gyu', 'Gyu']"
"忍","['Gin', 'GiG']"
"耐","['nay']"
"辛","['sin']"
"苦","['kwo']"
"嘗","['syaG']"
"由","['Gyu']"
"險","['hem']"
"阻","['cwo']"
"嗅","['hwu']"
"咀","['cye']"
"臭","['chwuy']"
"味","['mi']"
"妙","['myo']"
"造","['cwo']"
"灸","['kwu']"
"餌","['Gi']"
"觀","['kwan']"
"曜","['Gyo']"
"測","['chuk']"
"晷","['kwu']"
"筮","['sye']"
"基","['kuy']"
"獲","['hwoyk']"
"祉","['ci']"
"誕","['than']"
"謾","['man']"
"怳","['hwaG']"
"惚","['hwol']"
"惛","['hwon']"
"懵","['mwoG']"
"睿","['Gyey']"
"哲","['thyel']"
"支","['ci']"
"傾","['kyeG']"
"補","['pwo']"
"缺","['kyel']"
"續","['syok']"
"斷","['tan']"
"繼","['kyey']"
"絶","['cyel']"
"憐","['nyen']"
"憫","['min']"
"禍","['hwa']"
"患","['hwan']"
"歡","['hwan']"
"娛","['Gwo']"
"欣","['hun']"
"悅","['Gyel']"
"聰","['chwoG']"
"不","['pul']"
"遺","['Gyu']"
"忘","['maG']"
"願","['Gwen']"
"期","['kuy']"
"誠","['syeG']"
"渴","['kal']"
"諮","['co']"
"議","['Guy']"
"商","['syaG']"
"量","['lyaG', 'lyaG']"
"建","['ken']"
"置","['thi']"
"運","['Gwun']"
"斡","['Gal']"
"勗","['Gwuk']"
"誡","['kyey']"
"侯","['hwu']"
"帥","['syu', 'swol']"
"撫","['mwu']"
"鍊","['nyen']"
"軍","['kwun']"
"卒","['cwol', 'cwol']"
"蠲","['kyen']"
"弊","['phyey']"
"袪","['ke', 'ke']"
"欝","['Gwul']"
"賙","['cyu']"
"急","['kup']"
"蘇","['swo']"
"悴","['chᆐ']"
"盟","['moyG']"
"誓","['sye']"
"祈","['kuy']"
"祝","['chyuk']"
"齋","['coy']"
"醮","['chyo']"
"禱","['two']"
"祀","['so']"
"輸","['syu']"
"納","['nap']"
"薦","['chyen']"
"獻","['hen']"
"奉","['pwoG']"
"陪","['poy']"
"侍","['si']"
"衛","['Gwuy']"
"詔","['cyo']"
"敕","['thik']"
"普","['pwo']"
"滲","['som']"
"駕","['ka']"
"御","['Ge']"
"遐","['ha']"
"邇","['Gi']"
"誅","['tyu']"
"伐","['pel']"
"悖","['phay']"
"叛","['pan']"
"杜","['twu']"
"截","['cyel']"
"僭","['chom']"
"擬","['Guy']"
"恐","['kwoG']"
"懼","['kwu']"
"惶","['hwaG']"
"悚","['syoG']"
"慙","['cham']"
"愧","['kwoy']"
"赧","['lan']"
"耻","['thi', 'thi']"
"怏","['GaG']"
"慊","['kyem', 'kyem']"
"快","['khway']"
"愜","['hyem']"
"坦","['than']"
"夷","['Gi', 'Gi']"
"忌","['kuy']"
"諱","['hwuy']"
"涵","['ham']"
"泳","['GyeG']"
"稽","['kyey']"
"鑑","['kam']"
"敦","['twon']"
"篤","['twok']"
"蹈","['two']"
"履","['li']"
"矜","['kuG', 'kuG']"
"誇","['kwa']"
"踊","['GyoG']"
"躍","['Gyak']"
"謙","['kyem']"
"讓","['GyaG']"
"拱","['kwoG']"
"避","['phi']"
"擯","['pin']"
"邈","['mak']"
"蠱","['kwo']"
"嬖","['phyey']"
"維","['Gyu']"
"綸","['lyun']"
"戚","['chyek']"
"類","['nyu']"
"塤","['hwun']"
"箎","['ti']"
"伯","['poyk']"
"仲","['tyuG']"
"襟","['kum']"
"裾","['ke']"
"昆","['kwon']"
"季","['kyey']"
"端","['tan']"
"畜","['thyuk']"
"肧","['poy']"
"胎","['thoy']"
"甄","['kyen']"
"馴","['syun']"
"稚","['thi']"
"孩","['hoy']"
"顚","['tyen']"
"倒","['two']"
"徐","['sye']"
"緩","['Gwan']"
"飄","['phyo']"
"狂","['kwaG']"
"嚴","['Gem']"
"黙","['muk']"
"念","['nyem']"
"先","['syen']"
"記","['kuy']"
"故","['kwo', 'kwo']"
"惟","['Gyu', 'Gyu']"
"舊","['kwu']"
"憶","['Gek']"
"昔","['syek']"
"秘","['pi']"
"櫝","['twok']"
"幽","['Gyu']"
"奇","['kuy']"
"賈","['kwo', 'ka']"
"售","['syu']"
"儲","['tye']"
"蓄","['thyuk']"
"厭","['Gyem']"
"飫","['Ge']"
"餓","['Ga']"
"餒","['lwoy']"
"壯","['caG']"
"偉","['Gwuy']"
"羸","['li']"
"瘠","['chyek']"
"紓","['sye']"
"督","['twok']"
"逋","['pwo', 'pwo']"
"欠","['hum']"
"診","['tin']"
"療","['lyo']"
"痼","['kwo']"
"癖","['pyek']"
"按","['Gan']"
"問","['mwun']"
"眞","['cin']"
"僞","['Gwuy']"
"識","['sik', 'ci']"
"辨","['pyen']"
"曲","['kwok']"
"直","['tik']"
"證","['cuG']"
"據","['ke']"
"訂","['tyeG']"
"決","['kyel']"
"崇","['syuG', 'syuG']"
"尙","['syaG', 'syaG']"
"詆","['tye']"
"斥","['chyek']"
"惻","['chuk']"
"怛","['tal']"
"痛","['thwoG']"
"悶","['min']"
"懈","['hoy']"
"弛","['Gi']"
"振","['cin']"
"措","['cwo']"
"臧","['caG']"
"否","['pi', 'pwu']"
"褒","['phwo']"
"貶","['phyem']"
"遣","['kyen']"
"免","['myen']"
"賚","['lwoy']"
"予","['Gye', 'Gye']"
"往","['GwaG']"
"還","['hwan']"
"去","['ke']"
"來","['loy']"
"寓","['Gwu']"
"過","['kwa', 'kwa']"
"留","['lyu']"
"住","['tyu']"
"從","['cyoG']"
"違","['Gwuy']"
"順","['syun']"
"逆","['Gyek']"
"爭","['coyG', 'coyG']"
"奪","['thal']"
"戰","['cyen']"
"鬪","['thwu']"
"法","['pep']"
"制","['cyey']"
"禁","['kum']"
"責","['choyk']"
"諷","['phwuG']"
"諫","['kan']"
"誥","['kwo']"
"諭","['Gyu']"
"修","['syu']"
"擧","['ke']"
"勳","['hwun']"
"業","['Gep']"
"操","['cwo']"
"施","['si']"
"權","['kwen']"
"度","['two', 'thak']"
"考","['kwo']"
"律","['lyul', 'lyul']"
"遵","['cwun']"
"憲","['hen']"
"剸","['cyen']"
"煩","['pen']"
"辦","['phan']"
"劇","['kuk']"
"逖","['tyek']"
"覰","['chye']"
"穹","['kwuG']"
"壤","['GyaG']"
"申","['sin']"
"詢","['syun']"
"氓","['moyG']"
"俗","['syok']"
"浩","['hwo']"
"溥","['pwu']"
"饋","['kwey']"
"頒","['pan']"
"揆","['kyu']"
"計","['kyey']"
"秩","['til']"
"級","['kup']"
"擢","['thak']"
"委","['Gwuy', 'Gwuy']"
"俊","['cyun']"
"乂","['Gyey']"
"捕","['pwo']"
"斬","['cham']"
"盜","['two']"
"賊","['cek']"
"檢","['kem']"
"飭","['thik']"
"姬","['huy']"
"僮","['twoG']"
"諦","['thyey']"
"覈","['hoyk']"
"囚","['syu']"
"謫","['tyek']"
"湔","['cyen']"
"洗","['syey']"
"寃","['Gwen']"
"枉","['GwaG']"
"損","['swon']"
"歇","['hel']"
"征","['cyeG', 'cyeG']"
"役","['Gyek']"
"審","['sim']"
"訟","['syoG']"
"恤","['hyul']"
"獄","['Gwok']"
"懲","['tiG', 'tiG']"
"罪","['cwoy']"
"威","['Gwuy']"
"敵","['tyek', 'tyek']"
"育","['Gyuk']"
"迪","['tyek']"
"黔","['kem']"
"蒼","['chaG']"
"馭","['Ge']"
"綏","['Gyu']"
"戎","['GyuG']"
"狄","['tyek']"
"郎","['laG']"
"僚","['nyo']"
"恪","['kak']"
"仕","['so']"
"豪","['hwo']"
"傑","['kel']"
"授","['swu']"
"爵","['cyak']"
"敷","['pwu']"
"陣","['tin']"
"忱","['thim']"
"悃","['kwon']"
"獎","['cyaG']"
"寵","['thyoG']"
"卑","['pi']"
"託","['thak']"
"纔","['co']"
"僅","['kun']"
"堪","['kam']"
"丁","['tyeG']"
"周","['cyu']"
"緻","['thi']"
"舛","['chyen']"
"錯","['chak']"
"愍","['min']"
"慼","['chyek']"
"饑","['kuy']"
"哭","['kwok']"
"蕩","['thaG']"
"滌","['thyek']"
"荷","['ha']"
"毒","['twok']"
"瞻","['chyem']"
"覩","['two']"
"鈞","['kyun']"
"軸","['thyuk']"
"謠","['Gyo']"
"頌","['syoG']"
"元","['Gwen']"
"宿","['syuk', 'syu']"
"邦","['paG']"
"廷","['tyeG']"
"蓍","['si']"
"蔡","['chway']"
"鄕","['hyaG']"
"黨","['taG']"
"儀","['Guy']"
"測","['chuk', 'cuk']"
"配","['poy']"
"偶","['Gwu']"
"允","['Gyun']"
"適","['tyek', 'tyek']"
"嗣","['sa']"
"胤","['Gyun']"
"祗","['ci']"
"式","['sik']"
"祭","['cyey']"
"酹","['lwoy']"
"墳","['pwun']"
"墓","['myo']"
"享","['hyaG']"
"歆","['hum']"
"魂","['hwon']"
"魄","['poyk']"
"管","['kwan']"
"攝","['syep']"
"兵","['pyeG']"
"農","['lwoG']"
"攘","['GyaG']"
"刮","['kwal']"
"仙","['syen']"
"佛","['pwul']"
"裒","['pwu']"
"輯","['cup']"
"謨","['mwo']"
"籍","['cyek']"
"煒","['Gwuy']"
"燁","['nyep']"
"箋","['cyen']"
"註","['cwu']"
"綴","['thyu', 'thyel']"
"緝","['cup']"
"纂","['can']"
"錄","['lwok']"
"裨","['pi']"
"苴","['cye']"
"孔","['kwoG']"
"漏","['lwu']"
"襲","['sup', 'sup']"
"傳","['tyen', 'tyen']"
"篇","['hon', 'phyen']"
"藁","['kwo', 'kwo']"
"殄","['tin']"
"殲","['syem']"
"蛀","['cwu']"
"蠹","['twu']"
"籌","['tyu']"
"策","['choyk', 'choyk']"
"鈐","['kum']"
"轄","['hal']"
"控","['kwoG']"
"勒","['luk']"
"踶","['tyey']"
"齧","['hyel']"
"援","['Gwen']"
"挽","['man']"
"諧","['hoy']"
"雍","['GwoG']"
"拒","['ke']"
"捍","['han']"
"抗","['haG']"
"格","['kyek', 'kyek']"
"諛","['Gyu']"
"佞","['lyeG', 'lyeG']"
"讒","['cham']"
"訴愬","['swo']"
"鯁","['kyeG']"
"亮","['lyaG', 'lyaG']"
"讜","['taG']"
"諤","['Gak']"
"掄","['lyun']"
"締","['thyey']"
"婚","['hwon']"
"姻","['Gin']"
"垂","['syu']"
"貽","['Gi']"
"禧","['huy']"
"祚","['cwo']"
"掩","['Gem']"
"隔","['kyek']"
"遮","['chya']"
"圍","['Gwuy']"
"踰","['Gyu']"
"越","['Gwel']"
"涉","['syep']"
"渡","['two']"
"叱","['cul']"
"罵","['may']"
"譴","['kyen']"
"何","['ha']"
"慳","['kan']"
"惜","['syek']"
"羨","['syen']"
"妬","['thwu']"
"收","['syu']"
"斂","['lyem']"
"恣","['co']"
"妄","['maG']"
"畏","['Gwoy']"
"慮","['lye']"
"狎","['Gap']"
"侮","['mwo']"
"怡","['Gi']"
"愉","['Gyu']"
"駭","['hoy']"
"愕","['Gak']"
"猶","['Gyu', 'Gyu']"
"豫","['Gyey']"
"趨","['chwu', 'chwu']"
"赴","['pwu']"
"昵","['nil']"
"比","['pi']"
"拘","['kwu']"
"逼","['phip', 'pyek']"
"淹","['Gem']"
"惰","['tha']"
"奄","['Gem']"
"驟","['chyuy']"
"憚","['than']"
"肯","['kuG']"
"頑","['Gwan']"
"褻","['syel']"
"鋪","['phwo']"
"叙","['sye']"
"悤","['chwoG']"
"遽","['ke']"
"箴","['com']"
"警","['kyeG']"
"迷","['mi']"
"誤","['Gwo']"
"誚","['chyo']"
"謗","['paG']"
"誣","['mwu']"
"詛","['cye']"
"侵","['chim']"
"陵","['luG']"
"劫刦","['kep']"
"脅","['hep', 'hep']"
"庇","['pi']"
"廕","['Gum']"
"擁","['GwoG']"
"護","['hwo']"
"稍","['chyo']"
"挈","['hyel']"
"秔","['koyG']"
"梁","['lyaG']"
"粗","['cwo']"
"資","['co']"
"薪","['sin']"
"絮","['sye']"
"奠","['tyen']"
"喪","['saG', 'saG']"
"賻","['pwu']"
"葬","['caG']"
"訊","['sin']"
"恙","['GyaG']"
"瞻","['syem']"
"窶","['kwu']"
"牢","['lwo', 'lwo']"
"密","['mil']"
"藩","['pen']"
"垣","['Gwen']"
"逍","['syo']"
"遙","['Gyo', 'Gyo']"
"園","['Gwen']"
"圃","['pwo']"
"邂","['hoy']"
"逅","['hwu']"
"遭","['cwo']"
"値","['thi']"
"因","['Gin']"
"緣","['Gyen']"
"覿","['tyek']"
"覯","['kwu']"
"販","['pan']"
"貿","['mwu']"
"殷","['Gun']"
"窘","['kwun']"
"羇","['kuy']"
"旋","['lye']"
"迍","['twun']"
"祐","['Gwu']"
"把","['pha']"
"握","['Gak']"
"專","['cyen', 'cyen']"
"擅","['chyen']"
"誾","['Gun', 'Gun']"
"遜","['swon']"
"恬","['nyem']"
"素","['swo', 'swo']"
"仍","['GiG']"
"且","['chya', 'chya']"
"旋","['syen', 'syen']"
"竟","['kyeG']"
"敢","['kam']"
"遂","['syu', 'syu']"
"恃","['si']"
"狃","['lyu']"
"遡","['swo']"
"企","['ki']"
"懿","['Guy']"
"淑","['syuk']"
"嗤","['chi']"
"唾","['tha']"
"鄙","['pi']"
"瀆","['twok']"
"盲","['moyG']"
"聾","['lwoG']"
"潁","['GyeG']"
"捷","['hyep']"
"猛","['moyG']"
"悍","['han']"
"恢","['hwoy']"
"綽","['cyak']"
"迅","['sin']"
"銳","['Gyey']"
"騎","['kuy']"
"乘","['suG']"
"偕","['hoy']"
"俱","['kwu']"
"須","['syu']"
"俟","['so']"
"曼","['man']"
"衍","['Gyen']"
"暇","['ka']"
"給","['kup']"
"僥","['Gyo']"
"倖","['hoyG']"
"希","['huy']"
"冀","['kuy']"
"蔽","['phyey']"
"惑","['hwok']"
"貳","['Gi']"
"譖","['chom']"
"湛","['tam']"
"曠","['kwaG']"
"瑩","['hyeG']"
"徹","['thyel']"
"沮","['cye']"
"遏","['Gal']"
"嬌","['kyo']"
"媚","['mi']"
"厲","['lye']"
"窒","['til']"
"淫","['Gum']"
"泆","['Gil']"
"酣","['kam']"
"饕","['two']"
"澹","['tam']"
"泊","['pak']"
"騷","['swo']"
"擾","['Gyo']"
"靖","['cyeG']"
"謐","['mil']"
"隨","['syu']"
"叩","['kwo']"
"薰","['hwun']"
"炙","['cya']"
"猜","['suy']"
"嫌","['hyem']"
"媢","['mwo']"
"嫉","['cil']"
"眺","['tyo']"
"瞰","['kam']"
"河","['ha']"
"嶽","['Gak']"
"搜","['swu']"
"覓","['myek']"
"溟","['myeG']"
"壑","['hak']"
"掘","['kwul']"
"璞","['pak']"
"呈","['tyeG']"
"后","['hwu', 'hwu']"
"力","['nyek', 'nyek']"
"稼","['ka']"
"擔","['tam']"
"穡","['soyk']"
"攄","['the']"
"拓","['thak']"
"胸","['hyuG']"
"懷","['hwoy']"
"刷","['sal']"
"拭","['sik']"
"羞","['syu']"
"辱","['Gyok']"
"寅","['Gin']"
"協","['hyep']"
"贊","['chan']"
"糾","['kyu']"
"傲","['Gwo']"
"拗","['lyo']"
"狠","['hun']"
"愎","['phyak']"
"省","['syeG', 'soyG']"
"試","['si']"
"梓","['coy']"
"匠","['cyaG']"
"評","['phyeG']"
"品","['phwum']"
"謀","['mwo']"
"技","['ki']"
"灼","['cyak']"
"鬼","['kwuy']"
"壓","['Gap[]']"
"魅","['moy']"
"認","['Gin']"
"絃","['hyen']"
"迸","['pyeG', 'pyeG']"
"妓","['ki']"
"弭","['mi']"
"戢","['cup']"
"胡","['hwo']"
"虜","['lwo', 'lwo']"
"攻","['kwoG']"
"戮","['lyuk']"
"搏","['pak']"
"噬","['sye']"
"婉","['Gwan']"
"巽","['swon']"
"勁","['kyeG']"
"訐","['Gal']"
"醇","['syun']"
"戇","['taG']"
"慧","['hyey']"
"黠","['hil']"
"惇","['twon']"
"慤","['kak']"
"憸","['chyem']"
"詭","['kwey']"
"詫","['tha']"
"費","['pi']"
"靳","['kun']"
"閟","['pi']"
"悛","['cyen']"
"嚇","['hya']"
"辜","['kwo']"
"愆","['ken']"
"訝","['Ga']"
"詰","['hil']"
"譏","['kuy']"
"詈","['li']"
"窺","['kyu']"
"伺","['so']"
"向","['hyaG']"
"待","['toy']"
"勸","['kwen']"
"戒","['kyey']"
"招","['thyo']"
"誘","['Gyu']"
"干","['kan', 'kan']"
"犯","['pem']"
"觸","['chyok']"
"冒","['mwo']"
"恇","['kwaG']"
"怯","['kep']"
"悸","['kyey']"
"怖","['phwo']"
"聊","['lyo', 'lyo']"
"幸","['hoyG']"
"悵","['thyaG']"
"悼","['two']"
"愁","['swu']"
"憾","['kam']"
"悔","['hwoy']"
"咎","['kwu']"
"忿","['pwun']"
"恨","['hon']"
"憤","['pwun']"
"恚","['Guy']"
"探","['tham']"
"訪","['paG']"
"會","['hwoy']"
"遇","['Gwu']"
"赦","['sa']"
"眚","['soyG']"
"剗","['can']"
"繆","['lyu']"
"諳","['Gam']"
"慣","['kwan']"
"眩","['hyen']"
"暓","['mwu']"
"嫡","['tyek']"
"媵","['GiG']"
"雅","['Ga']"
"麗","['lye']"
"貨","['hwa']"
"財","['coy']"
"賄","['hwoy']"
"賂","['lwoy']"
"儔","['nyu[]']"
"侶","['nye']"
"仇","['kwu']"
"讐","['syu']"
"魁","['kwoy']"
"輩","['poy']"
"倡","['chyaG']"
"附","['pwu']"
"許","['he']"
"諾","['lak']"
"欺","['kuy']"
"誑","['kwaG']"
"邀","['Gyo']"
"迓","['Ga']"
"競","['kyeG']"
"就","['chyuy', 'chyuy']"
"捧","['pwoG']"
"佩","['phay']"
"軌","['kwey']"
"範","['pem']"
"符","['pwu']"
"契","['kyey']"
"咈","['pul']"
"忤","['Gwo']"
"跼","['kwuk']"
"蹐","['chyek']"
"闈","['Gwuy']"
"闥","['tal']"
"俳","['poy']"
"徊","['hwoy']"
"閨","['kyu']"
"廡","['mwu']"
"叨","['two']"
"忝","['thyem']"
"躐","['nyep']"
"徙","['so']"
"逡","['cyun']"
"巡","['syun', 'syun']"
"却","['kak']"
"藏","['caG']"
"澡","['cwo']"
"澈","['thyel']"
"査","['sa']"
"滓","['coy']"
"矯","['kyo']"
"揉","['Gyu']"
"膏","['kwo', 'kwo']"
"肓","['haG']"
"編","['phyen']"
"校","['kyo']"
"部","['pwu']"
"帙","['til']"
"瞭","['lyo']"
"覽","['lam']"
"悉","['sil']"
"繹","['Gyek']"
"硏","['Gyen']"
"窮","['kwuG']"
"邃","['syu']"
"宙","['tyu']"
"惺","['syeG']"
"惕","['thyek']"
"頃","['kyeG']"
"刻","['kok', 'kok']"
"臻","['cin']"
"詣","['Gyey']"
"閫","['kwon']"
"奧","['Gwo']"
"刊","['kan']"
"剔","['thyek']"
"假","['ka']"
"贗","['Gan']"
"徒","['two']"
"伴","['pan']"
"琢","['thak', 'thak']"
"磋","['cha', 'cha']"
"參","['cham']"
"預","['Gyey']"
"芻","['chu']"
"豢","['hwan']"
"沿","['Gyen']"
"泝","['swo']"
"推","['chyu', 'thwoy']"
"擴","['hwak']"
"洋","['Gyang']"
"覃","['tam']"
"蠻","['man']"
"貊","['moyk']"
"軀","['kwu']"
"骼","['kyek']"
"孱","['can']"
"薾","['nal']"
"標","['phyo']"
"致","['thi']"
"凜","['lum']"
"崒","['cwol']"
"披","['phi']"
"閱","['Gyel']"
"史","['so']"
"牒","['thyep']"
"耽","['tham']"
"嗜","['ki']"
"詞","['so']"
"章","['cyaG']"
"翶","['kwo']"
"翔","['syaG']"
"藝","['Gyey']"
"苑","['Gwen']"
"騁","['piG']"
"騖","['mwu']"
"科","['kwa']"
"場","['tyaG']"
"奮","['pwun']"
"鋒","['pwoG']"
"寫","['sya']"
"勝","['suG', 'suG']"
"吟","['Gum']"
"詩","['si']"
"製","['cey']"
"賦","['pwu']"
"揭","['key']"
"示","['si']"
"逞","['lyeG']"
"告","['kwo']"
"韜","['two']"
"匿","['lik']"
"衒","['hyen']"
"播","['pha']"
"應","['GuG', 'GuG']"
"對","['toy']"
"酬","['syu']"
"答","['tap']"
"斟","['chim']"
"酌","['cyak']"
"取","['chyuy']"
"捨","['sya']"
"茹","['Gye']"
"㗸","['ham']"
"鐫","['cyen']"
"銘","['myeG']"
"慷","['kaG']"
"慨","['kay']"
"醞","['Gwon']"
"藉","['chya']"
"媒","['moy']"
"聘","['piG']"
"嫁","['ka']"
"娶","['chyuy']"
"占","['cyem']"
"卜","['pwok']"
"吊","['tyo']"
"賀","['ha']"
"賜","['so']"
"贈","['cuG']"
"寄","['kuy']"
"付","['pwu']"
"緘","['ham']"
"封","['pwoG']"
"結","['kyel']"
"裹","['kwa']"
"浚濬","['cyun']"
"汲","['kup']"
"挹","['Gup']"
"注","['cwu']"
"焚","['pwun']"
"燒","['syo']"
"熨","['Gwul']"
"煮","['cya']"
"培","['poy']"
"墾","['kon']"
"塗","['two']"
"斲","['thak']"
"煎","['cyen']"
"爨","['chan']"
"鍛","['tan']"
"冶","['Gya']"
"玩","['Gwan']"
"弄","['lwoG']"
"揣","['chywey']"
"抵","['tye', 'tye']"
"栽","['coy']"
"植","['sik']"
"灌","['kwan']"
"漑","['kay']"
"翦","['cyen']"
"鏤","['lwu']"
"鍊","['lyen']"
"割","['hal']"
"粧","['caG']"
"綵","['choy']"
"圖","['two']"
"畵","['ha']"
"勉","['myen']"
"勵","['lye']"
"功","['kwoG']"
"績","['cyek', 'cyek']"
"催","['chwoy']"
"促","['chwok']"
"懶","['lan']"
"怠","['thoy']"
"趁","['tin']"
"及","['kup']"
"停","['tyeG']"
"輟","['thyel']"
"淬","['chwoy']"
"礪","['lye']"
"頹","['thwoy']"
"敗","['phay']"
"偵","['tyeG']"
"謁","['Gal']"
"覬","['kuy']"
"綏","['syu']"
"逝","['sye']"
"遯","['twon']"
"鏟","['san']"
"彩","['choy']"
"討","['thwo']"
"論","['lwon']"
"典","['tyen']"
"訓","['hwun']"
"剖","['pwu']"
"闡","['chyen']"
"疑","['Guy']"
"昧","['moy']"
"撰","['chan']"
"述","['syul']"
"緊","['kin']"
"關","['kwan']"
"刪","['san']"
"削","['syak']"
"戱","['huy']"
"話","['hwa']"
"鎖","['sway']"
"鑰","['Gyak']"
"貯","['tye']"
"頓","['twon']"
"逮","['thyey']"
"紹","['syo']"
"彌","['mi']"
"倍","['pi']"
"看","['kan']"
"守","['syu']"
"監","['kam']"
"課","['kwa']"
"竣","['cyun']"
"了","['lyo']"
"訖","['hul']"
"罷","['pha']"
"逢","['pwoG']"
"離","['li']"
"聚","['chyuy']"
"散","['san']"
"迎","['GyeG']"
"送","['swoG']"
"謝","['sya']"
"慰","['Gwuy']"
"單","['tan']"
"獨","['twok']"
"孤","['kwo']"
"寡","['kwa']"
"憑","['piG']"
"倚","['Guy']"
"依","['Guy']"
"賴","['lwoy']"
"耋","['til']"
"耄","['mwo']"
"夭","['Gyo']"
"閼","['Gal']"
"康","['kaG']"
"健","['ken']"
"疲","['phi']"
"憊","['puy']"
"款","['kwan']"
"睦","['mwok']"
"擠","['cyey']"
"劾","['hoyk']"
"偸","['□']"
"竊","['cyel']"
"賖","['sya']"
"賽","['soy']"
"耿","['kyeG']"
"介","['kay', 'kay']"
"阿","['Ga']"
"諂","['thyem']"
"回","['hwoy']"
"互","['hwo', 'hwo']"
"姿","['co']"
"態","['thoy']"
"抑","['Gek']"
"揚","['GyaG']"
"毁","['hwey']"
"譽","['Gyey']"
"黜","['chyul']"
"陟","['thyek']"
"興","['huG']"
"廢","['phyey']"
"買","['moy']"
"賣","['may']"
"賭","['two']"
"換","['hwan']"
"求","['kwu']"
"請","['chyeG']"
"借","['chya']"
"貸","['toy']"
"丐","['kay']"
"乞","['kel', 'kuy']"
"剽","['phyo']"
"掠","['lyak']"
"捐","['Gyen']"
"貰","['syey']"
"券","['kwen']"
"債","['chway']"
"添","['thyem']"
"加","['ka']"
"增","['cuG']"
"益","['Gik']"
"更","['koyG', 'koyG']"
"復","['pwu', 'pwok']"
"又","['Gwu', 'Gwu']"
"再","['coy']"
"牽","['kyen']"
"驅","['kwu']"
"拖","['tha']"
"捉","['chak']"
"擎","['kyeG']"
"抱","['phwo']"
"負","['pwu']"
"戴","['toy']"
"困","['kwon']"
"倦","['kwen']"
"休","['hyu']"
"憩","['key']"
"蒙","['mwoG']"
"被","['phi']"
"脫","['thal']"
"解","['hoy']"
"捫","['mwun']"
"拈","['lyem']"
"掇","['thyel']"
"拾","['sup']"
"攀","['pan']"
"折","['cyel']"
"摘","['tyek']"
"採","['choy']"
"鑽","['chan', 'chan']"
"磨","['ma']"
"穿","['chyen']"
"貫","['kwan']"
"懸","['hyen']"
"繫","['kyey']"
"揷","['sap']"
"掛","['kway']"
"撞","['taG']"
"搖","['Gyo']"
"撮","['chal']"
"挾","['hyep']"
"擊","['kyek']"
"打","['tha', 'tyek']"
"揮","['hwuy']"
"刺","['co', 'chyek']"
"提","['tyey']"
"携","['hyu']"
"秉","['pyeG']"
"執","['cip']"
"投","['thwu']"
"擲","['thyek']"
"抛","['phwo']"
"棄","['ki']"
"玆","['co']"
"卽","['cuk']"
"世","['syey']"
"間","['kan']"
"含","['ham']"
"靈","['lyeG']"
"動","['twoG']"
"止","['ci']"
"大","['tay']"
"小","['syo']"
"廣","['kwaG']"
"狹","['hyep']"
"雙","['saG']"
"隻","['chek']"
"全","['cyen']"
"半","['pan']"
"並","['pyeG']"
"累","['lyu']"
"幷","['pyeG']"
"合","['hap']"
"丸","['hwan']"
"寸","['chwon']"
"片","['phyen']"
"段","['tan']"
"麤","['chwu']"
"纖","['syem']"
"巨","['ke']"
"細","['syey']"
"方","['paG']"
"圓","['Gwen']"
"長","['tyaG', 'tyaG']"
"短","['tan']"
"染","['Gyem']"
"淨","['cyeG']"
"燥","['cwo']"
"濕","['sup']"
"淸","['chyeG']"
"濁","['thak']"
"冷","['loyG']"
"煖","['lan']"
"高","['kwo']"
"低","['tye']"
"深","['sim']"
"淺","['chyen']"
"輕","['kyeG']"
"重","['tyuG', 'tyuG']"
"厚","['hwu']"
"薄","['pak']"
"盈","['GyeG']"
"滿","['man']"
"空","['kwoG']"
"虛","['he']"
"紛","['pwun']"
"紜","['Gwun']"
"寂","['cyek']"
"寞","['mak']"
"咫","['ci']"
"仞","['Gin']"
"丈","['tyaG']"
"引","['Gin', 'Gin']"
"同","['twoG']"
"如","['Gye', 'Gye']"
"似","['so']"
"若","['Gyak', 'Gyak']"
"渾","['hwon']"
"灝","['hwo']"
"磅","['paG']"
"礡","['pak']"
"涯","['Gay']"
"際","['cyey']"
"疆","['kaG']"
"域","['Gyek']"
"乖","['kwoy']"
"沴","['lye']"
"和","['hwa']"
"暢","['thyaG']"
"晻","['Gem']"
"翳","['Gyey']"
"霽","['cyey']"
"廓","['hwak']"
"皎","['kyo']"
"皓","['hwo']"
"暄","['hwen']"
"煦","['hwu']"
"凄","['chye']"
"洌","['lyel']"
"凍","['twoG']"
"冱","['hwo']"
"株","['tyu']"
"柢","['tye']"
"芽","['Ga']"
"蘖","['Gel']"
"源","['Gwen']"
"流","['lyu']"
"涓","['Gyen']"
"滴","['tyek']"
"沾","['thyem']"
"潤","['Gyun']"
"銷","['syo']"
"鑠","['syak']"
"浹","['hip']"
"洽","['hup']"
"枯","['kwo']"
"涸","['hwak']"
"匯","['hwoy']"
"瀦","['tye']"
"泛","['pem']"
"濫","['lam']"
"衝","['chyuG']"
"突","['twol']"
"寧","['lyeG']"
"息","['sik', 'sik']"
"境","['kyeG']"
"界","['kyey']"
"景","['kyeG']"
"象","['syaG', 'syaG']"
"緖","['sye']"
"件","['ken']"
"模","['mwo']"
"樣","['GyaG']"
"儼","['Gem']"
"眇","['myo']"
"瑞","['sye']"
"孽","['Gel']"
"微","['mi']"
"芒","['maG']"
"洪","['hwoG', 'hwoG']"
"碩","['syek']"
"逶","['Gwuy']"
"迤","['Gi']"
"崢","['coyG']"
"嶸","['GyeG']"
"團","['tan']"
"稜","['luG']"
"竅","['kyu']"
"脊","['chyek']"
"津","['cin', 'cin']"
"液","['Goyk']"
"涌","['GyoG']"
"泄","['syel']"
"炎","['Gyem']"
"漲","['thyaG']"
"寢","['chim']"
"熄","['sik']"
"焦","['chyo']"
"槁","['hwo']"
"濡","['Gyu']"
"渥","['Gak']"
"濃","['lwoG']"
"淡","['tam']"
"姸","['Gyen']"
"醜","['chyuy']"
"黯","['Gam']"
"黮","['tam']"
"昭","['syo']"
"粲","['chan']"
"輻","['pwok']"
"湊","['cwu']"
"雜","['cap']"
"糅","['nyu']"
"沸","['pi']"
"潰","['kwey']"
"泮","['pin']"
"渙","['hwan']"
"煨","['Gwoy']"
"燼","['sin']"
"然","['Gyen', 'Gyen']"
"爛","['lan', 'lan']"
"鞏","['kwoG']"
"匝","['cap']"
"痕","['hun']"
"釁","['hun']"
"繁","['pen']"
"□","['tyu']"
"層","['chuG']"
"疊","['thyep']"
"闔","['hap']"
"闢","['pyek']"
"舒","['sye']"
"慘","['cham']"
"危","['Gwuy']"
"殆","['thoy']"
"妥","['thay']"
"帖","['thyep']"
"巍","['Gwoy']"
"皇","['hwaG']"
"滂","['paG']"
"沛","['phay']"
"炳","['pyeG']"
"煥","['hwan']"
"渺","['myo']"
"茫","['maG']"
"軟","['Gyen']"
"硬","['kyeG']"
"滑","['hwal']"
"澁","['sup']"
"尖","['chyem']"
"底","['tye']"
"央","['GaG']"
"傍","['paG']"
"恒","['hoG']"
"亙","['hoG']"
"閃","['syem']"
"倏","['syuk']"
"混","['hwon']"
"演","['Gyen']"
"泓","['hwoyG']"
"汪","['GaG']"
"夾","['hyep']"
"岐","['ki']"
"遶","['Gyo']"
"攪","['kyo']"
"鋩","['maG']"
"焰","['Gyem']"
"炯","['hyeG']"
"煌","['hwaG']"
"藹","['Gay']"
"蔚","['Gwul']"
"豔","['Gyem']"
"耀","['Gyo']"
"竦","['syoG']"
"蔓","['man']"
"豎","['syu']"
"僵","['kaG']"
"浸","['chim']"
"漬","['chi']"
"漂","['phyo']"
"溺","['lik']"
"纏","['tyen']"
"繞","['Gyo']"
"聯","['lyen']"
"絡","['lak']"
"屹","['hul']"
"聳","['GyoG']"
"墮","['tha']"
"hel","['平聲']"
"靡","['mi']"
"遼","['lyo']"
"逈","['hyeG']"
"隘","['Goy']"
"僻","['pyek']"
"敞","['chyaG']"
"豁","['hal']"
"障","['cyaG']"
"礙","['Gay']"
"窈","['lyo', 'myo']"
"冥","['myeG']"
"冲","['thyuG']"
"漠","['mak', 'mak']"
"荒","['hwaG']"
"蕪","['mwu']"
"萎","['Gwuy']"
"禿","['twok']"
"發","['pal']"
"秀","['syu']"
"凋","['tyo']"
"落","['lak']"
"馨","['hyeG']"
"馥","['pwok']"
"酷","['hwok']"
"烈","['nyel']"
"蟠","['pan']"
"蟄","['thip']"
"蹶","['kwey', 'kwel']"
"踔","['thak']"
"赫","['hyek']"
"奕","['hyek', 'hyek']"
"淪","['lyun']"
"泯","['min']"
"鏗","['koyG']"
"鏘","['cyaG']"
"踳","['syun']"
"駮","['pak']"
"撑","['thoyG']"
"拄","['tyu']"
"隕","['Gwun']"
"墜","['thyu']"
"充","['chyuG']"
"裕","['Gyu']"
"衰","['swoy']"
"匱","['kwey']"
"陡","['twu']"
"峻","['cyun']"
"磊","['lwoy']"
"卓","['thak']"
"塡","['tyen']"
"壅","['GwoG']"
"坼","['thak']"
"兀","['Gwol']"
"蕭","['syo']"
"條","['tyo', 'tyo']"
"茂","['mwu']"
"萃","['chywey']"
"腐","['pwu']"
"朽","['hwu']"
"萌","['moyG']"
"茁","['cwul']"
"飜","['pen']"
"幻","['hwan']"
"震","['cin']"
"撼","['kam']"
"跧","['cyen']"
"保","['pwo']"
"窟","['kwul']"
"穴","['hyel']"
"肇","['tyo']"
"昉","['paG']"
"杪","['chyo']"
"裔","['Gyey']"
"該","['hoy']"
"徧","['pyen']"
"包","['phwo']"
"括","['kwal']"
"遠","['Gwen']"
"近","['kun']"
"親","['chin']"
"踈","['swo']"
"遲","['ti']"
"速","['swok']"
"早","['cwo']"
"晩","['man']"
"艱","['kan']"
"難","['lan']"
"便","['pyen', 'phyen']"
"宜","['Guy']"
"頻","['pin']"
"屢","['lwu']"
"稀","['huy']"
"罕","['han']"
"利","['ni']"
"害","['hay']"
"得","['tuk']"
"失","['sil']"
"吉","['kil']"
"凶","['hyuG']"
"存","['cwon']"
"亡","['maG']"
"幾","['kuy', 'kuy']"
"勢","['sye']"
"途","['two']"
"轍","['thyel']"
"徵","['tiG']"
"兆","['tyo']"
"妖","['Gyo']"
"祥","['syaG']"
"毫","['hwo']"
"點","['tyem']"
"鍾","['cyoG', 'cyoG']"
"勺","['cyak', 'cyak']"
"銖","['syu']"
"兩","['lyaG', 'lyaG']"
"斤","['kun', 'kun']"
"鎰","['Gil']"
"除","['tyey']"
"減","['kam']"
"消","['syo']"
"殘","['can']"
"堆","['thwoy']"
"積","['cyek', 'ca']"
"饒","['Gyo']"
"溢","['Gil']"
"賸","['GiG']"
"餘","['Gye']"
"無","['mwu']"
"限","['hon']"
"虧","['hyu']"
"乏","['phip']"
"甚","['sim']"
"竭","['kal']"
"久","['kwu']"
"永","['GyeG']"
"暫","['cam']"
"乍","['sa']"
"堅","['kyen']"
"固","['kwo', 'kwo']"
"破","['pha']"
"裂","['nyel']"
"摧","['chwoy']"
"陷","['ham']"
"紊","['mwun']"
"亂","['lan']"
"縈","['GyeG']"
"紆","['Gwu']"
"蹲","['cwon']"
"峙","['thi']"
"爕","['syep']"
"齊","['cyey']"
"戾","['lye']"
"反","['pan']"
"糜","['mi']"
"碎","['sway']"
"崩","['puG']"
"圮","['puy']"
"宗","['cwoG']"
"旨","['ci']"
"枝","['ci']"
"派","['phay']"
"壹","['Gil']"
"統","['thwoG']"
"判","['phan']"
"析","['syek']"
"工","['kwoG']"
"程","['tyeG']"
"效","['hyo', 'hyo']"
"驗","['hem']"
"夥","['hwa']"
"少","['syo']"
"詳","['syaG']"
"略","['lyak']"
"表","['phyo']"
"彰","['chyaG']"
"埋","['moy']"
"沒","['mwol']"
"調","['tyo']"
"均","['kyun']"
"偏","['phyen']"
"激","['kyek']"
"凝","['GuG']"
"滯","['thyey']"
"融","['lyuG']"
"釋","['syek']"
"耗","['mwo']"
"歉","['hyem']"
"滋","['co']"
"殖","['sik']"
"純","['syun']"
"粹","['syu']"
"瑕","['ha']"
"疵","['co']"
"差","['cha', 'chi']"
"訛","['Gwa']"
"的","['tyek']"
"確","['hwak']"
"罄","['kyeG']"
"畢","['phil']"
"苟","['kwu', 'kwu']"
"簡","['kan', 'kan']"
"鎔","['GyoG', 'GyoG']"
"錮","['kwo']"
"罅","['ha']"
"隙","['kuk']"
"梗","['kyeG', 'kyeG']"
"槩","['kay', 'kay']"
"□","['sway']"
"屑","['sel']"
"最","['chwoy']"
"副","['pwu']"
"糟","['cwo']"
"粕","['pak']"
"佳","['ka']"
"潔","['kyel']"
"汚","['Gwo']"
"穢","['Gyey']"
"亨","['hyeG']"
"泰","['thay']"
"災","['coy']"
"厄","['Goyk']"
"咸","['ham']"
"共","['kwoG']"
"殊","['syu', 'syu']"
"尤","['Gwu', 'Gwu']"
"尋","['sim', 'sim']"
"常","['syaG']"
"挺","['tyeG']"
"特","['thuk']"
"延","['Gyen', 'Gyen']"
"袤","['mwu']"
"迂","['Gwo']"
"徑","['kyeG']"
"宏","['kwoyG']"
"闊","['hwal']"
"窄","['choyk']"
"迫","['pak']"
"隱","['Gun']"
"顯","['hyen']"
"浮","['pwu']"
"沈","['thim']"
"橫","['hwoyG']"
"斜","['sya']"
"欹","['kuy']"
"側","['chuk', 'chuk']"
"屈","['kwul']"
"伸","['sin']"
"嬴","['GyeG']"
"縮","['chyuk']"
"開","['koy']"
"閉","['phyey']"
"通","['thwoG']"
"塞","['soyk']"
"完","['Gwan']"
"壞","['Gwey', 'kwoy']"
"熾","['chi']"
"滅","['myel']"
"昌","['chyaG']"
"盛","['syeG']"
"漸","['cyem']"
"極","['kuk']"
"平","['phyeG']"
"正","['cyeG']"
"安","['Gan']"
"穩","['Gwon']"
"遷","['chyen']"
"移","['Gi']"
"變","['pyen']"
"化","['hwa']"
"始","['si']"
"終","['cyoG']"
"本","['pwon']"
"末","['mal']"
"事","['so']"
"與","['Gye', 'Gye']"
"物","['mul']"
"也","['Gya']"
